time,intensity_rate,structure_rate,coupled_rate,heterogeneity,localization,roughness,sign_mixing,temporal_deformation
0.000000000000000000e+00,6.121744098371357801e-01,5.942080437126832093e-01,9.778825033855512716e-01,1.059753811955356229e+00,4.048916294066486010e+00,1.190765788833187067e+00,9.364721236505334501e-01,2.115041648306704158e-01
2.500000000000000139e-02,6.146196804852317452e-01,5.941715241110545609e-01,9.798119885742089252e-01,1.059847562595790160e+00,4.039925325407016210e+00,1.191206411663714659e+00,9.367253662362474698e-01,2.112256648207336274e-01
5.000000000000000278e-02,6.170720783504445306e-01,5.940969064154126844e-01,9.836751629986234535e-01,1.059926850856795388e+00,4.030643928624365380e+00,1.191708820559415516e+00,9.369832883660510481e-01,2.106582529720489871e-01
7.500000000000001110e-02,6.195307961347964465e-01,5.940188376546468030e-01,9.875459040244228826e-01,1.059972730404781238e+00,4.021083809309342172e+00,1.192265725985186098e+00,9.372464012592885974e-01,2.100701919707100851e-01
1.000000000000000056e-01,6.219950186763735234e-01,5.939367308797720568e-01,9.914225204557773896e-01,1.059982222981400657e+00,4.011256796731236030e+00,1.192873568350168778e+00,9.375147072286378336e-01,2.094618366189162362e-01
1.250000000000000000e-01,6.244639232832156495e-01,5.938498813347299343e-01,9.953032297347833568e-01,1.059932055106332038e+00,4.001174824442109035e+00,1.193529370089337904e+00,9.377888362634269059e-01,2.088335532605097300e-01
1.500000000000000222e-01,6.269366800763760406e-01,5.937576377851019327e-01,9.991862649613785230e-01,1.059806250825617413e+00,3.990849911290246688e+00,1.194230871981031727e+00,9.380691788926098784e-01,2.081857196940323784e-01
1.750000000000000167e-01,6.294124523419688533e-01,5.936599564007170038e-01,1.003070224719258885e+00,1.059598535967097854e+00,3.980294142873502139e+00,1.194974964621032587e+00,9.383558168265475619e-01,2.075187250834898967e-01
2.000000000000000111e-01,6.318903968920179803e-01,5.935572452926853870e-01,1.006953982126385760e+00,1.059335604434369138e+00,3.969519653460659825e+00,1.195759112943354907e+00,9.386478171095410383e-01,2.068329698667614736e-01
2.250000000000000056e-01,6.343696644338969737e-01,5.934498321265651022e-01,1.010836353716536795e+00,1.059011758559297744e+00,3.958538608406561465e+00,1.196581146928465955e+00,9.389452484230644824e-01,2.061288656614887471e-01
2.500000000000000000e-01,6.368493999481267265e-01,5.933381268460861113e-01,1.014716203211363243e+00,1.058643274887369756e+00,3.947363187084054204e+00,1.197439239748229634e+00,9.392475087455258720e-01,2.054068351683361326e-01
2.750000000000000222e-01,6.393287430742936595e-01,5.932226077131693698e-01,1.018592433569934341e+00,1.058241313033700726e+00,3.936005566353545149e+00,1.198331700439476455e+00,9.395541595221529318e-01,2.046673120714694871e-01
3.000000000000000444e-01,6.418068285048161847e-01,5.931035299138238681e-01,1.022463801843138231e+00,1.057810808732160268e+00,3.924477904588399291e+00,1.199256980680873275e+00,9.398649553720257455e-01,2.039107409360717549e-01
3.250000000000000111e-01,6.442827863862840010e-01,5.929809536874254272e-01,1.026328935240060414e+00,1.057352235774698501e+00,3.912792326272066745e+00,1.200213059690969031e+00,9.401797868931206503e-01,2.031375771027091326e-01
3.500000000000000333e-01,6.467557427280673510e-01,5.928548600099462496e-01,1.030186404288744972e+00,1.056862490863756721e+00,3.900960907180541781e+00,1.201198208605492868e+00,9.404986509988384480e-01,2.023482865783776674e-01
3.750000000000000000e-01,6.492248198178839358e-01,5.927252066072815628e-01,1.034034758768771933e+00,1.056341684608374409e+00,3.888995660161453927e+00,1.202211055186472866e+00,9.408214474749910794e-01,2.015433459239756031e-01
4.000000000000000222e-01,6.516891366439881983e-01,5.925920608800335776e-01,1.037872614997798593e+00,1.055783275227674123e+00,3.876908521518878992e+00,1.203250576952325401e+00,9.411482714787552384e-01,2.007232421379389065e-01
4.250000000000000444e-01,6.541478093236366975e-01,5.924556973782296732e-01,1.041698721373825132e+00,1.055200337244949882e+00,3.864711338010916819e+00,1.204315556561103895e+00,9.414786406028028409e-01,1.998884725358455738e-01
4.500000000000000111e-01,6.565999515374628670e-01,5.923163963236391938e-01,1.045511829263040315e+00,1.054592903499879331e+00,3.852415854464943834e+00,1.205405025219421500e+00,9.418124598782420254e-01,1.990395446256499612e-01
4.750000000000000333e-01,6.590446749693839035e-01,5.921743361341482714e-01,1.049310623150293997e+00,1.053966862987816722e+00,3.840033702013535333e+00,1.206518559830298987e+00,9.421494652561813732e-01,1.981769759782315010e-01
5.000000000000000000e-01,6.614810897516436583e-01,5.920297326739315524e-01,1.053093812328163459e+00,1.053318710165972005e+00,3.827576386952138421e+00,1.207655007253238821e+00,9.424896665438982080e-01,1.973012940929503301e-01
5.250000000000000222e-01,6.639083049145831916e-01,5.918828237159172723e-01,1.056860121469592517e+00,1.052661877328967766e+00,3.815055280217861444e+00,1.208813417389932310e+00,9.428325878453815978e-01,1.964130362578482003e-01
5.500000000000000444e-01,6.663254288407217674e-01,5.917337433093091681e-01,1.060608208066490921e+00,1.051987490977061235e+00,3.802481607486906334e+00,1.209992804026284174e+00,9.431783956071597697e-01,1.955127494040948544e-01
5.750000000000000666e-01,6.687315697227059763e-01,5.915827260933184117e-01,1.064336798778634741e+00,1.051303868932571772e+00,3.789866439886679927e+00,1.211192305506699762e+00,9.435267656634441780e-01,1.946009899542467947e-01
6.000000000000000888e-01,6.711258360246914467e-01,5.914300002596877270e-01,1.068044618924506306e+00,1.050616356645057925e+00,3.777220685317033144e+00,1.212411079493782573e+00,9.438774632633061268e-01,1.936783236639311179e-01
6.250000000000000000e-01,6.735073369466912929e-01,5.912754952859430313e-01,1.071730196686694558e+00,1.049918281696181621e+00,3.764555080373671814e+00,1.213648022148135608e+00,9.442305925255457533e-01,1.927453254564165941e-01
6.500000000000000222e-01,6.758751828914304483e-01,5.911192063682453313e-01,1.075392107003624087e+00,1.049201241344099866e+00,3.751880182865428459e+00,1.214902548358033130e+00,9.445863012058084429e-01,1.918025792496109161e-01
6.750000000000000444e-01,6.782284859332282645e-01,5.909614638916345086e-01,1.079029155363249393e+00,1.048476715321949637e+00,3.739206364915841796e+00,1.216175041783452260e+00,9.449441848128316002e-01,1.908506777749342520e-01
7.000000000000000666e-01,6.805663602884257646e-01,5.908025327985321207e-01,1.082640109546545881e+00,1.047750083964735568e+00,3.726543806638400902e+00,1.217463173509011565e+00,9.453040141041573197e-01,1.898902223874917028e-01
7.250000000000000888e-01,6.828879227868651647e-01,5.906424584830005653e-01,1.086223594922791857e+00,1.047015980300419091e+00,3.713902490373639509e+00,1.218765535658375310e+00,9.456658558783324064e-01,1.889218228669709287e-01
7.500000000000000000e-01,6.851922933439273944e-01,5.904812858359236305e-01,1.089778242580848433e+00,1.046276118787549780e+00,3.701292195475400781e+00,1.220080989293679918e+00,9.460295827088385234e-01,1.879460972086044457e-01
7.750000000000000222e-01,6.874785954326232407e-01,5.903191006878935054e-01,1.093302718494805426e+00,1.045526831817634505e+00,3.688722493632662136e+00,1.221408748680896217e+00,9.463952130646957617e-01,1.869636714035648462e-01
8.000000000000000444e-01,6.897459565552330751e-01,5.901559665355773365e-01,1.096795681043268411e+00,1.044770597662658007e+00,3.676202744712555592e+00,1.222748362008731826e+00,9.467625998605796456e-01,1.859751792080644450e-01
8.250000000000000666e-01,6.919935087139851282e-01,5.899917661823794734e-01,1.100255671860053575e+00,1.044000659206029580e+00,3.663742093109443765e+00,1.224098440327804571e+00,9.471318422915905311e-01,1.849812619004692626e-01
8.500000000000000888e-01,6.942203888802656042e-01,5.898262456972576118e-01,1.103681145362090055e+00,1.043206561728821979e+00,3.651349464584393800e+00,1.225458021365499972e+00,9.475031321197093792e-01,1.839825680256368390e-01
8.750000000000000000e-01,6.964257394618420527e-01,5.896592175199752983e-01,1.107070609350787826e+00,1.042381810373508966e+00,3.639033563578762731e+00,1.226826034314934866e+00,9.478765507960233982e-01,1.829797531257264520e-01
9.000000000000000222e-01,6.986087087675999507e-01,5.894907360721205469e-01,1.110422749286638533e+00,1.041521665266074370e+00,3.626802870985176952e+00,1.228201531829664628e+00,9.482521300681996390e-01,1.819734794566534863e-01
9.250000000000000444e-01,7.007684514692751332e-01,5.893211404988515367e-01,1.113736461417016432e+00,1.040636232156979979e+00,3.614665642358835917e+00,1.229583786899423270e+00,9.486295176089346581e-01,1.809644156893499001e-01
9.500000000000000666e-01,7.029041290596801383e-01,5.891508319633101953e-01,1.117010699932014628e+00,1.039730056552416571e+00,3.602629906551665151e+00,1.230972146207062190e+00,9.490085108523529378e-01,1.799532365949976787e-01
9.750000000000000888e-01,7.050149103069254242e-01,5.889801637673878210e-01,1.120244400994122591e+00,1.038809242320272608e+00,3.590703464751733520e+00,1.232365860521004164e+00,9.493888718201805021e-01,1.789406227133454874e-01
1.000000000000000000e+00,7.070999717041351884e-01,5.888092978152489332e-01,1.123436381136446949e+00,1.037877940535947285e+00,3.578893889910025550e+00,1.233763923088697867e+00,9.497704167643545858e-01,1.779272600032268670e-01
1.025000000000000133e+00,7.091584979141717371e-01,5.886383302376561044e-01,1.126585425497096171e+00,1.036925054128745582e+00,3.567208526536655988e+00,1.235165532326380600e+00,9.501533455002363349e-01,1.769138394743831610e-01
1.050000000000000044e+00,7.111896822088863424e-01,5.884675875523994737e-01,1.129690498089405803e+00,1.035965553265004724e+00,3.555654490848525917e+00,1.236569866761016989e+00,9.505372057217382764e-01,1.759010567997304486e-01
1.074999999999999956e+00,7.131927269024225247e-01,5.882973721923079324e-01,1.132750563041623693e+00,1.034998647581207631e+00,3.544238671250382389e+00,1.237976042461249593e+00,9.509219437099675210e-01,1.748896119071135513e-01
1.100000000000000089e+00,7.151668437781122378e-01,5.881278387781241346e-01,1.135764496830266479e+00,1.034026513752633880e+00,3.532967729131383017e+00,1.239383427874278354e+00,9.513074335907487633e-01,1.738802085497283545e-01
1.125000000000000000e+00,7.171112545085104317e-01,5.879591341729245579e-01,1.138731187733563521e+00,1.033046790371069390e+00,3.521848099959303369e+00,1.240791560377278335e+00,9.516936613579914939e-01,1.728735538543392514e-01
1.150000000000000133e+00,7.190251910681306757e-01,5.877914561858810227e-01,1.141649578583330271e+00,1.032062018932512704e+00,3.510885994654674214e+00,1.242199859214019986e+00,9.520804944171005202e-01,1.718703578464331749e-01
1.175000000000000044e+00,7.209078961384558504e-01,5.876249931952064465e-01,1.144518624164883702e+00,1.031074034271700191e+00,3.500087401227461648e+00,1.243607883468627717e+00,9.524678195564025840e-01,1.708713329515560986e-01
1.200000000000000178e+00,7.227586235048126806e-01,5.874598967918186476e-01,1.147337272078933434e+00,1.030080415992360887e+00,3.489458086658919100e+00,1.245014880045296701e+00,9.528556258772652443e-01,1.698771934720787746e-01
1.225000000000000089e+00,7.245766384447125397e-01,5.872963557930324097e-01,1.150104516499652174e+00,1.029085209469069673e+00,3.479003599011774028e+00,1.246419850501198967e+00,9.532437501441684002e-01,1.688886550387077579e-01
1.250000000000000000e+00,7.263612181072811591e-01,5.871344614543414497e-01,1.152819301017493636e+00,1.028087706424994696e+00,3.468729269751990252e+00,1.247822003626114507e+00,9.536321430383219999e-01,1.679064340361489660e-01
1.275000000000000133e+00,7.281116518834117590e-01,5.869743110096425909e-01,1.155480594010763973e+00,1.027081025379343648e+00,3.458640216265884249e+00,1.249220757619617039e+00,9.540208971761000578e-01,1.669312470024273964e-01
1.300000000000000044e+00,7.298272417662987621e-01,5.868161505808057177e-01,1.158087493210925745e+00,1.026075270566606079e+00,3.448741344556590427e+00,1.250615656276734100e+00,9.544097133810106603e-01,1.659638100014181328e-01
1.325000000000000178e+00,7.315073027020254637e-01,5.866601012209765598e-01,1.160639026992762668e+00,1.025065839409327495e+00,3.439037352104397982e+00,1.252006330022549463e+00,9.547986331837666762e-01,1.650048379683284050e-01
1.350000000000000089e+00,7.331511629299000132e-01,5.865062847067472607e-01,1.163134246407856232e+00,1.024048915291553286e+00,3.429532730875812341e+00,1.253392516258103662e+00,9.551876775243606232e-01,1.640550440280059141e-01
1.375000000000000000e+00,7.347581643122513828e-01,5.863549983795790510e-01,1.165572353736719524e+00,1.023033317370433570e+00,3.420231770466643617e+00,1.254774341642590718e+00,9.555765843641663704e-01,1.631151387860112212e-01
1.400000000000000133e+00,7.363276626534224212e-01,5.862064652605152304e-01,1.167952520326598798e+00,1.022017435026351118e+00,3.411138561364996491e+00,1.256151414733538196e+00,9.559653286442599818e-01,1.621858295926931481e-01
1.425000000000000044e+00,7.378590280077151897e-01,5.860608547265064860e-01,1.170273901837079134e+00,1.021002415731019575e+00,3.402256998320314807e+00,1.257522659186767644e+00,9.563538244250863185e-01,1.612678197805899605e-01
1.450000000000000178e+00,7.393516449760658693e-01,5.859183455154997056e-01,1.172535684605279460e+00,1.019990719030451354e+00,3.393590783805294109e+00,1.258887569444082422e+00,9.567419588135834818e-01,1.603618078757297893e-01
1.475000000000000089e+00,7.408049129912501751e-01,5.857791174103602616e-01,1.174737080024355285e+00,1.018979628193763531e+00,3.385143431557891880e+00,1.260246050518811112e+00,9.571297322697954746e-01,1.594684867836480835e-01
1.500000000000000000e+00,7.422182465914425320e-01,5.856433592549349365e-01,1.176877330736738614e+00,1.017975007377870611e+00,3.376918270191186622e+00,1.261597380339721575e+00,9.575169614091673109e-01,1.585885429510940081e-01
1.525000000000000133e+00,7.435910756819743561e-01,5.855111910779116080e-01,1.178955653139086568e+00,1.016972095096284834e+00,3.368918446859317406e+00,1.262941237830060626e+00,9.579036914766447808e-01,1.577226555047594736e-01
1.550000000000000044e+00,7.449228457851604368e-01,5.853827867074832270e-01,1.180971328654444541e+00,1.015972855386738205e+00,3.361146930968348379e+00,1.264277111669720899e+00,9.582898242622203133e-01,1.568714953685538815e-01
1.575000000000000178e+00,7.462130182780882803e-01,5.852584007705077251e-01,1.182923724349665084e+00,1.014981155426358139e+00,3.353606517921247310e+00,1.265604758793152707e+00,9.586752241978497846e-01,1.560357243612646438e-01
1.600000000000000089e+00,7.474610706182807096e-01,5.851381799280107598e-01,1.184812152635813298e+00,1.013997485503260965e+00,3.346299832886892034e+00,1.266923861631441550e+00,9.590598282329945157e-01,1.552159942767077361e-01
1.625000000000000000e+00,7.486664965571799835e-01,5.850221096537869814e-01,1.186635831040637967e+00,1.013018096921952216e+00,3.339229334583354358e+00,1.268233660129080231e+00,9.594436600467378673e-01,1.544129459488138567e-01
1.650000000000000133e+00,7.498288063414065840e-01,5.849102333423135125e-01,1.188394045884497041e+00,1.012037879881876767e+00,3.332397319066316754e+00,1.269533467155911977e+00,9.598267681706011967e-01,1.536272083043691006e-01
1.675000000000000044e+00,7.509475269017864552e-01,5.848028342897206855e-01,1.190086289400301700e+00,1.011064257924133791e+00,3.325805923513994955e+00,1.270822747979831080e+00,9.602089482647846452e-01,1.528593974064145211e-01
1.700000000000000178e+00,7.520222020301517984e-01,5.847002860564821658e-01,1.191712148662582349e+00,1.010101981378545233e+00,3.319457130000352585e+00,1.272101087204011716e+00,9.605900546834473808e-01,1.521101154916909837e-01
1.725000000000000089e+00,7.530523925439476240e-01,5.846028047823440543e-01,1.193271119669101266e+00,1.009156412472334452e+00,3.313352769248997021e+00,1.273368103388040629e+00,9.609699337758630389e-01,1.513799500057360081e-01
1.750000000000000000e+00,7.540376764386990116e-01,5.845103477905284617e-01,1.194762530227215347e+00,1.008220598208023455e+00,3.307494524360539145e+00,1.274623419259454993e+00,9.613486742353177794e-01,1.506694726395425843e-01
1.775000000000000133e+00,7.549776490284167973e-01,5.844229187459101249e-01,1.196185769346962635e+00,1.007288959465573397e+00,3.301883934506754770e+00,1.275866972549267286e+00,9.617263334722780943e-01,1.499792383720260358e-01
1.800000000000000044e+00,7.558719230740353900e-01,5.843407484465784618e-01,1.197540424084312605e+00,1.006369811627138011e+00,3.296522398585243430e+00,1.277098251760718561e+00,9.621027016810872468e-01,1.493097845227255860e-01
1.825000000000000178e+00,7.567201289000066167e-01,5.842640490378372409e-01,1.198826094677516219e+00,1.005462893712626427e+00,3.291411178828888673e+00,1.278316970587938028e+00,9.624777364485875841e-01,1.486616298194230190e-01
1.850000000000000089e+00,7.575219144991836018e-01,5.841929231285043489e-01,1.200042325742744165e+00,1.004569878831968799e+00,3.286551404364677076e+00,1.279522913842893850e+00,9.628513594493344208e-01,1.480352734855813757e-01
1.875000000000000000e+00,7.582769456261572172e-01,5.841274279726617058e-01,1.201188654539741663e+00,1.003687655766929199e+00,3.281944074717026538e+00,1.280715902379309101e+00,9.632235817642779141e-01,1.474311943526456781e-01
1.900000000000000133e+00,7.589849058792218495e-01,5.840675985636338829e-01,1.202264628385297796e+00,1.002817097712783045e+00,3.277590063251082597e+00,1.281895812078359009e+00,9.635943397993006476e-01,1.468498500023870390e-01
1.925000000000000044e+00,7.596454967711655515e-01,5.840135426650412409e-01,1.203269876860543652e+00,1.001954168741466145e+00,3.273490120551882931e+00,1.283062722501145059e+00,9.639636592094916745e-01,1.462916759445652137e-01
1.950000000000000178e+00,7.602584377890985179e-01,5.839655221372999083e-01,1.204204173874659611e+00,1.001107507424756182e+00,3.269644877735663258e+00,1.284216191195702850e+00,9.643313367678205683e-01,1.457570848351490422e-01
1.975000000000000089e+00,7.608234664435493677e-01,5.839236931621543114e-01,1.205067240404319673e+00,1.000279691710324048e+00,3.266054849689940198e+00,1.285355889298964716e+00,9.646972826747080010e-01,1.452464657404348158e-01
2.000000000000000000e+00,7.613403383070747044e-01,5.838879955512896736e-01,1.205858659987263160e+00,9.994641464511255791e-01,3.262720438239370857e+00,1.286481707402594266e+00,9.650615689690805743e-01,1.447601834522425079e-01
2.024999999999999911e+00,7.618088270426429665e-01,5.838584307003540363e-01,1.206578089896429784e+00,9.986602179255659184e-01,3.259641935234730781e+00,1.287593344332647938e+00,9.654241605812164950e-01,1.442985778591878709e-01
2.050000000000000266e+00,7.622287244220621316e-01,5.838351490648372444e-01,1.207225327929606351e+00,9.978706034625641763e-01,3.256819525562610451e+00,1.288690455016344050e+00,9.657849646828088330e-01,1.438619633790022834e-01
2.075000000000000178e+00,7.625998403347432619e-01,5.838182800128322025e-01,1.207800182928014943e+00,9.970988133902100037e-01,3.254253290073859439e+00,1.289772873910626005e+00,9.661438766446508453e-01,1.434506284564514844e-01
2.100000000000000089e+00,7.629220027870905474e-01,5.838078156933077523e-01,1.208302386087005242e+00,9.963418052344332754e-01,3.251943208428941468e+00,1.290840467539408065e+00,9.665009040902420301e-01,1.430648351311570310e-01
2.125000000000000000e+00,7.631950578928311524e-01,5.838038043754905093e-01,1.208731738255500510e+00,9.955974213366601822e-01,3.249889161858757092e+00,1.291893107824402698e+00,9.668560377679874529e-01,1.427048186792917450e-01
2.149999999999999911e+00,7.634188698545995022e-01,5.838064706693166794e-01,1.209088201689156428e+00,9.948736066523715671e-01,3.248090935839686111e+00,1.292930666143338403e+00,9.672091012137412624e-01,1.423707873326064965e-01
2.175000000000000266e+00,7.635933209370983077e-01,5.838159174717079125e-01,1.209371672538687825e+00,9.941727996636402498e-01,3.246548222681822971e+00,1.293953018204327066e+00,9.675600127955986673e-01,1.420629220778538426e-01
2.200000000000000178e+00,7.637183114321757227e-01,5.838320012044055929e-01,1.209581885362393638e+00,9.934884904400305139e-01,3.245260624029689289e+00,1.294960049706099792e+00,9.679088360330008189e-01,1.417813765390855130e-01
2.225000000000000089e+00,7.637937596161468168e-01,5.838546229500449769e-01,1.209718635263437481e+00,9.928171438221966572e-01,3.244227653274776024e+00,1.295951658506887094e+00,9.682555825485896772e-01,1.415262769447560021e-01
2.250000000000000000e+00,7.638196016997109705e-01,5.838838535770329852e-01,1.209781873430872068e+00,9.921626142719404129e-01,3.243448737879600863e+00,1.296927745349883532e+00,9.686001453701353903e-01,1.412977221809482431e-01
2.274999999999999911e+00,7.637957917708030342e-01,5.839197605593713369e-01,1.209771574813063522e+00,9.915260128916308924e-01,3.242923221613017049e+00,1.297888192683144926e+00,9.689424626243162697e-01,1.410957839314354034e-01
2.300000000000000266e+00,7.637223017307320783e-01,5.839622790127843022e-01,1.209687639500419021e+00,9.909068383867881691e-01,3.242650366696778974e+00,1.298832885918047575e+00,9.692824977718149659e-01,1.409205069046368941e-01
2.325000000000000178e+00,7.635991212239531256e-01,5.840112466236125899e-01,1.209529919331723713e+00,9.902999524134209475e-01,3.242629355863422269e+00,1.299761684609907153e+00,9.696202841552504781e-01,1.407719091468138117e-01
2.350000000000000089e+00,7.634262575618228075e-01,5.840665580056856321e-01,1.209298335720188078e+00,9.897035449843444299e-01,3.242859294325706188e+00,1.300674403644939137e+00,9.699558014443293574e-01,1.406499824402422938e-01
2.375000000000000000e+00,7.632037356406874418e-01,5.841282993546671465e-01,1.208992982308168873e+00,9.891192399027859405e-01,3.243339211657980670e+00,1.301570907331611515e+00,9.702889768846670870e-01,1.405546927844351091e-01
2.400000000000000355e+00,7.629315978546444832e-01,5.841966673463290238e-01,1.208614062771775632e+00,9.885550544520537164e-01,3.244068063589884865e+00,1.302451123550580458e+00,9.706196446677134437e-01,1.404859809578588581e-01
2.425000000000000266e+00,7.626099040033256227e-01,5.842717225214768551e-01,1.208161702410745164e+00,9.880120491991243314e-01,3.245044733712992624e+00,1.303315445630512492e+00,9.709477450543851917e-01,1.404437631569185052e-01
2.450000000000000178e+00,7.622387311950352684e-01,5.843533876284667805e-01,1.207635946862483323e+00,9.874871118308907736e-01,3.246268035100960070e+00,1.304164179212948582e+00,9.712732786081972325e-01,1.404279317084569101e-01
2.475000000000000089e+00,7.618181737455752556e-01,5.844416390203228673e-01,1.207036908018571886e+00,9.869819161303957644e-01,3.247736711843916879e+00,1.304996627387215780e+00,9.715961755692377189e-01,1.404383558514759045e-01
2.500000000000000000e+00,7.613483430730850765e-01,5.845365182370823032e-01,1.206364772623316872e+00,9.864989917151313348e-01,3.249449440497857999e+00,1.305812584520242847e+00,9.719163548939488972e-01,1.404748825832655978e-01
2.525000000000000355e+00,7.608293675892120467e-01,5.846380631777990944e-01,1.205619749589270873e+00,9.860402832759727065e-01,3.251404831449801414e+00,1.306611875003816037e+00,9.722337448947325766e-01,1.405373375646916112e-01
2.550000000000000266e+00,7.602613925869213807e-01,5.847462424369045397e-01,1.204802019917853073e+00,9.856076621070039012e-01,3.253601430199613453e+00,1.307394420396116974e+00,9.725482757063123040e-01,1.406255260790347239e-01
2.575000000000000178e+00,7.596445801252468266e-01,5.848609159507847099e-01,1.203911706822256011e+00,9.851981670726408513e-01,3.256037718559312566e+00,1.308160178864379297e+00,9.728599437559255492e-01,1.407392340384540641e-01
2.600000000000000089e+00,7.589791089112706279e-01,5.849819304282479759e-01,1.202948948339344959e+00,9.848098002944414286e-01,3.258712115770831197e+00,1.308909127165441610e+00,9.731687302429291586e-01,1.408782290318496000e-01
2.625000000000000000e+00,7.582651741796105904e-01,5.851092073002268634e-01,1.201913963982622846e+00,9.844427354848668266e-01,3.261622979543072454e+00,1.309641256329860726e+00,9.734745858776996386e-01,1.410422614077710968e-01
2.650000000000000355e+00,7.575029875696823733e-01,5.852426799922023637e-01,1.200807006871503990e+00,9.840984283280242995e-01,3.264768607009259860e+00,1.310356569167671514e+00,9.737774442020962207e-01,1.412310653858745990e-01
2.675000000000000266e+00,7.566927770009902465e-01,5.853822962478776315e-01,1.199628365256328433e+00,9.837749400151850621e-01,3.268147235605468381e+00,1.311055079136554946e+00,9.740772831372823681e-01,1.414443601903815906e-01
2.700000000000000178e+00,7.558347865466839011e-01,5.855280710687231771e-01,1.198378402355769534e+00,9.834771809078615146e-01,3.271757043871315496e+00,1.311737014035069482e+00,9.743739911927129516e-01,1.416818511989715035e-01
2.725000000000000089e+00,7.549292763056141276e-01,5.856799727827337598e-01,1.197057469931944951e+00,9.832053974794981999e-01,3.275596152173702258e+00,1.312402500374269865e+00,9.746675183150608213e-01,1.419432311006773861e-01
2.750000000000000000e+00,7.539765222730956395e-01,5.858378511074306960e-01,1.195665854041719101e+00,9.829590880880809678e-01,3.279662623354581363e+00,1.313051211050722866e+00,9.749578233856956988e-01,1.422281810564245963e-01
2.775000000000000355e+00,7.529768162105723306e-01,5.860015469499898488e-01,1.194203858109614158e+00,9.827349561297700209e-01,3.283954463303639493e+00,1.313683081008232945e+00,9.752448989949547009e-01,1.425363718560344051e-01
2.800000000000000266e+00,7.519304655143734806e-01,5.861709833241058876e-01,1.192671871259699312e+00,9.825355565347142495e-01,3.288469621456840741e+00,1.314298030925875604e+00,9.755286636725359894e-01,1.428674650658509071e-01
2.825000000000000178e+00,7.508377930837207836e-01,5.863461415731996418e-01,1.191070349930586136e+00,9.823612613123025028e-01,3.293205991221727302e+00,1.314896170389579844e+00,9.758090631954353666e-01,1.432211141612340644e-01
2.850000000000000089e+00,7.496991371881392974e-01,5.865270249371504763e-01,1.189399790075903240e+00,9.822159578252692702e-01,3.298161410330367360e+00,1.315477302303275753e+00,9.760860008953199385e-01,1.435969656386271720e-01
2.875000000000000000e+00,7.485148513344068721e-01,5.867135707683504009e-01,1.187660661205100610e+00,9.821008989723873928e-01,3.303333661120878340e+00,1.316041379090208130e+00,9.763594127216724816e-01,1.439946601022442374e-01
2.900000000000000355e+00,7.472853041331556367e-01,5.869055905560004449e-01,1.185853361735160538e+00,9.820138346657848460e-01,3.308720470748378162e+00,1.316588367438800811e+00,9.766292755283376703e-01,1.444138333206644864e-01
2.925000000000000266e+00,7.460108791652306781e-01,5.871028778455571473e-01,1.183978300107707549e+00,9.819518347661702062e-01,3.314319511326305978e+00,1.317118218694096399e+00,9.768955720987999580e-01,1.448541172491544793e-01
2.950000000000000178e+00,7.446919748478844081e-01,5.873053281614233345e-01,1.182035984144158558e+00,9.819155549366110902e-01,3.320128399998972135e+00,1.317630868725233162e+00,9.771582420143938297e-01,1.453151410138439625e-01
2.975000000000000089e+00,7.433290043008793369e-01,5.875128891735270642e-01,1.180026983301617260e+00,9.819077487243851321e-01,3.326144698946245981e+00,1.318126247302551235e+00,9.774172008138573009e-01,1.457965318543315569e-01
3.000000000000000000e+00,7.419223952125418853e-01,5.877254230434442173e-01,1.177951826036449212e+00,9.819278187373322586e-01,3.332365915321349625e+00,1.318604291998526135e+00,9.776724021261459230e-01,1.462979160216996144e-01
3.025000000000000355e+00,7.404725897058075379e-01,5.879427001297485855e-01,1.175810995541528570e+00,9.819728268476846100e-01,3.338789501122628067e+00,1.319064957766386437e+00,9.779238243510863793e-01,1.468189196293038790e-01
3.050000000000000266e+00,7.389800442042691042e-01,5.881645552604353178e-01,1.173605045744297026e+00,9.820403749006106908e-01,3.345412853000322428e+00,1.319508221734184250e+00,9.781714377741065336e-01,1.473591694541630526e-01
3.075000000000000178e+00,7.374452292982294210e-01,5.883909428293792043e-01,1.171334641479584882e+00,9.821346425102251976e-01,3.352233311999355259e+00,1.319934088384198789e+00,9.784151397883490420e-01,1.479182936871056286e-01
3.100000000000000089e+00,7.358686296107433966e-01,5.886218304088327580e-01,1.169000479160193340e+00,9.822559122879990223e-01,3.359248163239143992e+00,1.320342598489058217e+00,9.786548706471478454e-01,1.484959226302365320e-01
3.125000000000000000e+00,7.342507436636166451e-01,5.888571653486019963e-01,1.166603261936591585e+00,9.824067018146742658e-01,3.366454635531587414e+00,1.320733832896039850e+00,9.788905463635646509e-01,1.490916893406505905e-01
3.150000000000000355e+00,7.325920837433115285e-01,5.890967931585850970e-01,1.164143640010725678e+00,9.825872299933506859e-01,3.373849900938403756e+00,1.321107884299968172e+00,9.791221073066372904e-01,1.497052302196945628e-01
3.175000000000000266e+00,7.308931757667030960e-01,5.893404802827933997e-01,1.161622227810346075e+00,9.827917121536170475e-01,3.381431074269054982e+00,1.321464839274520964e+00,9.793495550807621575e-01,1.503361855473361042e-01
3.200000000000000178e+00,7.291545591465992127e-01,5.895880833991479220e-01,1.159039728063720354e+00,9.830209398310816304e-01,3.389195212520618838e+00,1.321806456090118154e+00,9.795728206959599671e-01,1.509841999615507135e-01
3.225000000000000089e+00,7.273767866569426088e-01,5.898395094734436572e-01,1.156396901972428726e+00,9.832757461705914359e-01,3.397139314261067078e+00,1.322131448170434265e+00,9.797918342964292426e-01,1.516489228829379643e-01
3.250000000000000000e+00,7.255604242975812745e-01,5.900946027426623441e-01,1.153694486589556201e+00,9.835573824400934972e-01,3.405260318957469501e+00,1.322439059704658693e+00,9.800065213948145892e-01,1.523300088849744993e-01
3.275000000000000355e+00,7.237060511584963995e-01,5.903532292718334240e-01,1.150933256324927489e+00,9.838620338911707730e-01,3.413555106250887761e+00,1.322729250775385834e+00,9.802168573060248136e-01,1.530271180105952644e-01
3.300000000000000266e+00,7.218142592833487470e-01,5.906153731933403428e-01,1.148114092196152347e+00,9.841958558619434694e-01,3.422020495179723731e+00,1.323002009842476845e+00,9.804227173424743258e-01,1.537399160360140848e-01
3.325000000000000178e+00,7.198856535322075700e-01,5.908809332610831522e-01,1.145237834272630817e+00,9.845591755193510153e-01,3.430653243353567916e+00,1.323257343068058312e+00,9.806240349433361647e-01,1.544680746828190898e-01
3.350000000000000089e+00,7.179208514433056409e-01,5.911497370829024156e-01,1.142305292186498900e+00,9.849469168563602661e-01,3.439450046079710610e+00,1.323495282339855361e+00,9.808207945887037482e-01,1.552112717796209074e-01
3.375000000000000000e+00,7.159204830936543029e-01,5.914216864500223547e-01,1.139317349982516658e+00,9.853646928773798219e-01,3.448407535444650840e+00,1.323715903219652157e+00,9.810128764375078969e-01,1.559691913746526493e-01
3.400000000000000355e+00,7.138851909583452393e-01,5.916966977533484329e-01,1.136274922652422248e+00,9.858081106410343519e-01,3.457522279353224093e+00,1.323919260364654127e+00,9.812002559551610270e-01,1.567415238008273426e-01
3.425000000000000266e+00,7.118156297683586597e-01,5.919746253576775308e-01,1.133178901359989776e+00,9.862832506799535937e-01,3.466790780528081761e+00,1.324105413946927268e+00,9.813828085961721071e-01,1.575279656948811169e-01
3.450000000000000178e+00,7.097124663666807276e-01,5.922552751504606139e-01,1.130030163380889796e+00,9.867800389881542511e-01,3.476209475472608723e+00,1.324274552287563189e+00,9.815605600375445494e-01,1.583282199723191064e-01
3.475000000000000089e+00,7.075763795625363839e-01,5.925385777546305910e-01,1.126829695027224965e+00,9.873059300966677831e-01,3.485774733400553771e+00,1.324426984647582906e+00,9.817333714407548984e-01,1.591419957599932433e-01
3.500000000000000000e+00,7.054080599835291787e-01,5.928244712613099932e-01,1.123578507747633015e+00,9.878595347080666444e-01,3.495482855135925604e+00,1.324562797845366902e+00,9.819011856843496977e-01,1.599690082880889930e-01
3.525000000000000355e+00,7.032082099254776120e-01,5.931128293346620284e-01,1.120277586952064475e+00,9.884405870975568886e-01,3.505330071987033946e+00,1.324681874106915735e+00,9.820639341992599691e-01,1.608089787434882900e-01
3.550000000000000266e+00,7.009775431997317119e-01,5.934035346494495045e-01,1.116927944221083990e+00,9.890502182886916627e-01,3.515312544598867994e+00,1.324784562902028506e+00,9.822215350182423865e-01,1.616616340863946399e-01
3.575000000000000178e+00,6.987167849777508044e-01,5.936964744737320832e-01,1.113530613820530979e+00,9.896861307383976181e-01,3.525426361788277063e+00,1.324870747683478678e+00,9.823739358389430576e-01,1.625267068321577524e-01
3.600000000000000089e+00,6.964266716327150997e-01,5.939915596201159609e-01,1.110086665760769531e+00,9.903521468535896322e-01,3.535667539366803780e+00,1.324940342902286572e+00,9.825210292912502918e-01,1.634039348003027692e-01
3.625000000000000000e+00,6.941079505779502723e-01,5.942885472522766444e-01,1.106597082470373250e+00,9.910453602130261386e-01,3.546032018956440268e+00,1.324993406981511690e+00,9.826627665450730076e-01,1.642930608326519104e-01
3.650000000000000355e+00,6.917613801019331099e-01,5.945871537279663332e-01,1.103062837993055822e+00,9.917575562185273474e-01,3.556515666803816700e+00,1.325029658513071196e+00,9.827991427024725946e-01,1.651938324825457383e-01
3.675000000000000266e+00,6.893877291996539647e-01,5.948873039253825823e-01,1.099485070476509341e+00,9.924947704725006759e-01,3.567114272598852054e+00,1.325048943552961100e+00,9.829300282205994943e-01,1.661060016770780912e-01
3.700000000000000178e+00,6.869877774001036386e-01,5.951889307943034613e-01,1.095864942023549116e+00,9.932569030687607992e-01,3.577823548304274404e+00,1.325051208943021974e+00,9.830553463183615559e-01,1.670293243542619321e-01
3.725000000000000089e+00,6.845623145896637674e-01,5.954918979498826648e-01,1.092203585004289934e+00,9.940421944484602035e-01,3.588639127002802631e+00,1.325036469534607741e+00,9.831750333311695123e-01,1.679635600770002790e-01
3.750000000000000000e+00,6.821121408311691114e-01,5.957961623546008667e-01,1.088502213707512434e+00,9.948522831988679815e-01,3.599556561769273522e+00,1.325004932787210654e+00,9.832889959919315359e-01,1.689084716257758800e-01
3.775000000000000355e+00,6.796380661784254817e-01,5.961017099976608780e-01,1.084762079426450976e+00,9.956909884814262313e-01,3.610571324575405860e+00,1.324956787118082291e+00,9.833971225197929433e-01,1.698638245718561146e-01
3.800000000000000266e+00,6.771409104859617001e-01,5.964083835280850066e-01,1.080984353059430525e+00,9.965569486418079936e-01,3.621678805235425180e+00,1.324891790356843568e+00,9.834993438766673757e-01,1.708293868327950271e-01
3.825000000000000178e+00,6.746215032137996559e-01,5.967160080723273863e-01,1.077170211197378880e+00,9.974456098012511873e-01,3.632874310401135176e+00,1.324809986793844763e+00,9.835956161116388152e-01,1.718049282120420740e-01
3.850000000000000089e+00,6.720806832270391773e-01,5.970245067512629511e-01,1.073320914043673469e+00,9.983623653307637236e-01,3.644153062615611560e+00,1.324711476427071544e+00,9.836858125180286683e-01,1.727902199243483428e-01
3.875000000000000000e+00,6.695192985900467741e-01,5.973337958306051965e-01,1.069437733644174493e+00,9.993035843162623166e-01,3.655510199435127561e+00,1.324596452178443240e+00,9.837698798356385721e-01,1.737850341086781270e-01
3.900000000000000355e+00,6.669382063550575168e-01,5.976438098397951482e-01,1.065521970313380695e+00,1.000272742485039057e+00,3.666940772629390999e+00,1.324465414041427591e+00,9.838477060728719747e-01,1.747891433302238839e-01
3.925000000000000266e+00,6.643382723449993144e-01,5.979544799689907597e-01,1.061574937910649385e+00,1.001269576478272638e+00,3.678439747470737764e+00,1.324318232270573326e+00,9.839192091165569476e-01,1.758023200732000135e-01
3.950000000000000178e+00,6.617203709303545178e-01,5.982656623897356640e-01,1.057597916018320650e+00,1.002294551133665168e+00,3.690002002123335956e+00,1.324154902621085039e+00,9.839843002632283619e-01,1.768243362259582230e-01
3.975000000000000089e+00,6.590853847998940918e-01,5.985772042026806794e-01,1.053592193991403470e+00,1.003344309004372992e+00,3.701622327143980762e+00,1.323975670769893087e+00,9.840429206653309446e-01,1.778549625599054607e-01
4.000000000000000000e+00,6.564342047251114920e-01,5.988889921260962534e-01,1.049559102792459564e+00,1.004421375145743589e+00,3.713295425106581504e+00,1.323780522448856800e+00,9.840949636683937740e-01,1.788939682037796186e-01
4.025000000000000355e+00,6.537677293182118099e-01,5.992008363025277395e-01,1.045499938283082519e+00,1.005523842826391956e+00,3.725015910362778015e+00,1.323569414360461272e+00,9.841403574095054507e-01,1.799411201147210482e-01
4.049999999999999822e+00,6.510868647835073020e-01,5.995125582961382538e-01,1.041416018777893360e+00,1.006646609101700784e+00,3.736778308951784311e+00,1.323342381706961168e+00,9.841790545619465425e-01,1.809961825475231989e-01
4.075000000000000178e+00,6.483925246620904081e-01,5.998241429210120490e-01,1.037308783278493518e+00,1.007796274170441153e+00,3.748577058672771578e+00,1.323099430559124823e+00,9.842109145581993124e-01,1.820589165234887674e-01
4.100000000000000533e+00,6.456856295696642434e-01,6.001353011249346281e-01,1.033179507120138396e+00,1.008972976794538345e+00,3.760406509333675373e+00,1.322840336011177786e+00,9.842358477061582400e-01,1.831290793002240957e-01
4.125000000000000000e+00,6.429671069274204287e-01,6.004455497919509721e-01,1.029029355412582891e+00,1.010155532260839761e+00,3.772260923190662751e+00,1.322565017529168330e+00,9.842539317119040065e-01,1.842064238436610379e-01
4.150000000000000355e+00,6.402378906858718910e-01,6.007548939223097406e-01,1.024859822393034081e+00,1.011355482991528110e+00,3.784134475592755287e+00,1.322273577384678767e+00,9.842649859010205171e-01,1.852906983036615163e-01
4.174999999999999822e+00,6.374989210415543672e-01,6.010635461488733622e-01,1.020672546484653331e+00,1.012580521738641881e+00,3.796021255846574682e+00,1.321966140548227475e+00,9.842688600273827859e-01,1.863816454943720835e-01
4.200000000000000178e+00,6.347511441465306659e-01,6.013714248807562335e-01,1.016468987785718925e+00,1.013830488998920920e+00,3.807915268316327762e+00,1.321642892801783153e+00,9.842654654300079242e-01,1.874790023806390260e-01
4.225000000000000533e+00,6.319955118106405090e-01,6.016783361149615761e-01,1.012250546244954252e+00,1.015100054891142412e+00,3.819810433774395442e+00,1.321304181831667757e+00,9.842547538996935241e-01,1.885824995716418040e-01
4.250000000000000000e+00,6.292329811964533226e-01,6.019841021371608036e-01,1.008018644074584635e+00,1.016392622154394187e+00,3.831700591018121216e+00,1.320950098578276721e+00,9.842366084042583063e-01,1.896918608229244962e-01
4.275000000000000355e+00,6.264645145068979959e-01,6.022886234739016631e-01,1.003774763577636842e+00,1.017700906217984036e+00,3.843579498768413316e+00,1.320580771094711725e+00,9.842109960794129808e-01,1.908068025480192942e-01
4.299999999999999822e+00,6.236910786655559535e-01,6.025919035077254016e-01,9.995204612317638571e-01,1.019036879433397047e+00,3.855440837865843129e+00,1.320196500611634516e+00,9.841777321893334651e-01,1.919270333407355200e-01
4.325000000000000178e+00,6.209136449896186516e-01,6.028937495653348133e-01,9.952571802659988531e-01,1.020393247879624044e+00,3.867278213779908214e+00,1.319797386451632804e+00,9.841367840067647421e-01,1.930522535093028291e-01
4.350000000000000533e+00,6.181331888555270382e-01,6.031938992696861401e-01,9.909863302306964883e-01,1.021765860876929777e+00,3.879085159446986175e+00,1.319383336131149331e+00,9.840880944961659660e-01,1.941821546233875317e-01
4.375000000000000000e+00,6.153506893573220671e-01,6.034922750995135310e-01,9.867094445979135431e-01,1.023158138457789468e+00,3.890855138452239181e+00,1.318954291587708161e+00,9.840315468854589076e-01,1.953164190751172369e-01
4.400000000000000355e+00,6.125671289577555578e-01,6.037887614561029404e-01,9.824280411878010266e-01,1.024571122769918130e+00,3.902581548570540626e+00,1.318509943944962792e+00,9.839670434230831653e-01,1.964547196551545416e-01
4.424999999999999822e+00,6.097834931322190233e-01,6.040831557237009708e-01,9.781435919062599904e-01,1.025999878231466544e+00,3.914257725680920785e+00,1.318050436146806836e+00,9.838945347276072395e-01,1.975967191448710358e-01
4.450000000000000178e+00,6.070007700055694011e-01,6.043753608516972964e-01,9.738576402873688753e-01,1.027445976029010000e+00,3.925876948068634853e+00,1.317575900832087754e+00,9.838139200219850888e-01,1.987420699256507717e-01
4.475000000000000533e+00,6.042199499819428388e-01,6.046653955615834963e-01,9.695718058034110687e-01,1.028912692950494812e+00,3.937432441128217775e+00,1.317086357910614902e+00,9.837250850385214074e-01,1.998904136063461845e-01
4.500000000000000000e+00,6.014420253676625583e-01,6.049530953894565188e-01,9.652876020324768769e-01,1.030403272066525266e+00,3.948917382480164662e+00,1.316582096874249208e+00,9.836279158645596654e-01,2.010413806698977401e-01
4.525000000000000355e+00,5.986679899873598165e-01,6.052380033902942102e-01,9.610063726608936152e-01,1.031903312019718966e+00,3.960324907512880799e+00,1.316063570600873200e+00,9.835224439268488439e-01,2.021945901401046020e-01
4.549999999999999822e+00,5.958988387934484043e-01,6.055198671078041439e-01,9.567295906531221306e-01,1.033408349075898736e+00,3.971648115360609133e+00,1.315531158772535347e+00,9.834086222485789452e-01,2.033496492695476277e-01
4.575000000000000178e+00,5.931355674690985680e-01,6.057987135313995797e-01,9.524589001576952985e-01,1.034929318021632572e+00,3.982880075326723279e+00,1.314984938419855753e+00,9.832862775265042155e-01,2.045061532496184331e-01
4.600000000000000533e+00,5.903791720248804387e-01,6.060743326287998389e-01,9.481958069125273614e-01,1.036460859343151908e+00,3.994013833760459597e+00,1.314424961185559626e+00,9.831553721800168066e-01,2.056636849436282166e-01
4.625000000000000000e+00,5.876306483892501653e-01,6.063463099479559082e-01,9.439416993512295129e-01,1.037994664062710459e+00,4.005042421393644858e+00,1.313851457592408067e+00,9.830158963893467217e-01,2.068218146439538829e-01
4.650000000000000355e+00,5.848909919930782575e-01,6.066144627875479367e-01,9.396981058694570121e-01,1.039525965769810378e+00,4.015958861142305381e+00,1.313265643529243132e+00,9.828678139515887313e-01,2.079800998541533052e-01
4.674999999999999822e+00,5.821611973484223101e-01,6.068788746049535998e-01,9.354667114305306175e-01,1.041065295499695953e+00,4.026756176376109053e+00,1.312667108536751615e+00,9.827109598439695004e-01,2.091380850969658534e-01
4.700000000000000178e+00,5.794422576217665988e-01,6.071394955220412726e-01,9.312491218237513024e-01,1.042614178197225794e+00,4.037427399656702498e+00,1.312055006072519348e+00,9.825452461850824326e-01,2.102953017491396293e-01
4.725000000000000533e+00,5.767351642019633573e-01,6.073961573095645328e-01,9.270468727126135455e-01,1.044166583137230209e+00,4.047965581943662627e+00,1.311429552111293306e+00,9.823706530254820990e-01,2.114512679039865783e-01
4.750000000000000000e+00,5.740409062631174342e-01,6.076487114077848695e-01,9.228615102165487194e-01,1.045729008837914087e+00,4.058363802264516096e+00,1.310791046248262814e+00,9.821870531407631555e-01,2.126054882625005582e-01
4.775000000000000355e+00,5.713604703226781156e-01,6.078966570057415808e-01,9.186943775530446166e-01,1.047291134854100525e+00,4.068615177842713315e+00,1.310139773545699438e+00,9.819944703740995928e-01,2.137574540539690648e-01
4.800000000000000711e+00,5.686948397950062351e-01,6.081395400634026505e-01,9.145468446540986340e-01,1.048832859884896163e+00,4.078712874674682354e+00,1.309476132370164914e+00,9.817930238928097575e-01,2.149066429869114503e-01
4.825000000000000178e+00,5.660449945406973438e-01,6.083775322657631879e-01,9.104206354043160587e-01,1.050373988946800674e+00,4.088650118544324918e+00,1.308800786749061862e+00,9.815824768894250152e-01,2.160525192311476828e-01
4.850000000000000533e+00,5.634119104119569288e-01,6.086108784177174380e-01,9.063175077255747336e-01,1.051918505548921523e+00,4.098420206460174242e+00,1.308114053240203578e+00,9.813627345164517290e-01,2.171945334318195475e-01
4.875000000000000000e+00,5.607965587943311014e-01,6.088393148286260770e-01,9.022389251835770674e-01,1.053469204957349525e+00,4.108016518497301206e+00,1.307415970874316269e+00,9.811337142657392540e-01,2.183321227561356159e-01
4.900000000000000355e+00,5.581999061451032862e-01,6.090621074357466247e-01,8.981860837946065157e-01,1.055003131828338603e+00,4.117432530022822945e+00,1.306706865532384576e+00,9.808955809199103593e-01,2.194647109736077017e-01
4.925000000000000711e+00,5.556229135286875342e-01,6.092785198120913570e-01,8.941601770453134757e-01,1.056508483228459916e+00,4.126661824280242641e+00,1.305986792768586424e+00,9.806484058425524175e-01,2.205917085704569847e-01
4.950000000000000178e+00,5.530665361493459775e-01,6.094879716067448383e-01,8.901624832382983854e-01,1.057976150686818384e+00,4.135698105304528305e+00,1.305256183128749914e+00,9.803922438613090762e-01,2.217125128988946536e-01
4.975000000000000533e+00,5.505317228815737041e-01,6.096899694314993345e-01,8.861943241474006250e-01,1.059391313863784267e+00,4.144535211135994324e+00,1.304517886970759877e+00,9.801272155656163276e-01,2.228265083619075382e-01
5.000000000000000000e+00,5.480194157985024406e-01,6.098842753483681989e-01,8.822571553434850333e-01,1.060753490337201344e+00,4.153167127297538563e+00,1.303771557581230756e+00,9.798533101309903071e-01,2.239330666341125819e-01
5.025000000000000355e+00,5.455305496986800895e-01,6.100709009928235727e-01,8.783525590469786204e-01,1.062065071133519334e+00,4.161588000495841655e+00,1.303016575662561127e+00,9.795704929574799991e-01,2.250315469192619156e-01
5.050000000000000711e+00,5.430660516315907183e-01,6.102499791525684003e-01,8.744821703778967725e-01,1.063332450058871670e+00,4.169792152503544180e+00,1.302253548895475399e+00,9.792786920829716912e-01,2.261212962448352903e-01
5.075000000000000178e+00,5.406268404222861479e-01,6.104214543899332268e-01,8.706475080240978492e-01,1.064559718165294155e+00,4.177774094175525477e+00,1.301483529331764366e+00,9.789778613853363787e-01,2.272016497941738156e-01
5.100000000000000533e+00,5.382138261955076164e-01,6.105850952729552361e-01,8.668499816360455412e-01,1.065734248444236254e+00,4.185528539548755589e+00,1.300706086836751929e+00,9.786681356566816481e-01,2.282719312764971697e-01
5.125000000000000000e+00,5.358279098996809875e-01,6.107409331353563786e-01,8.630911283083791963e-01,1.066864347353729148e+00,4.193050419971513953e+00,1.299922143196343693e+00,9.783494370610912316e-01,2.293314533350846729e-01
5.150000000000000355e+00,5.334699828311693093e-01,6.108889193371189741e-01,8.593724265415395580e-01,1.067955973123026370e+00,4.200334898204259204e+00,1.299132035960096632e+00,9.780217140976125156e-01,2.303795179938442073e-01
5.175000000000000711e+00,5.311409261591819586e-01,6.110287307111937904e-01,8.556951920071080853e-01,1.068991724818334266e+00,4.207377382430964374e+00,1.298335681858862944e+00,9.776851772381841554e-01,2.314154171423410400e-01
5.200000000000000178e+00,5.288416104517292826e-01,6.111603110762864333e-01,8.520608663566759944e-01,1.069979378040327722e+00,4.214173540116656902e+00,1.297533400922870284e+00,9.773397701839490193e-01,2.324384330593956549e-01
5.225000000000000533e+00,5.265728952030255261e-01,6.112837710506638933e-01,8.484709611371941129e-01,1.070922461411249360e+00,4.220719311643781779e+00,1.296726319756098755e+00,9.769854863937162959e-01,2.334478389751116767e-01
5.250000000000000000e+00,5.243356283627429448e-01,6.113991668000827717e-01,8.449269385596887005e-01,1.071821888075108031e+00,4.227010923657423369e+00,1.295914445015033056e+00,9.766223536718183773e-01,2.344428996712129842e-01
5.275000000000000355e+00,5.221306458675162299e-01,6.115066522284271500e-01,8.414302908357165212e-01,1.072683841596229870e+00,4.233044902046932734e+00,1.295098307823170591e+00,9.762503431354153660e-01,2.354228721194069063e-01
5.300000000000000711e+00,5.199587711751069152e-01,6.116062977690027713e-01,8.379824443916251697e-01,1.073515268918338261e+00,4.238818084489532900e+00,1.294278553641927010e+00,9.758694185411772581e-01,2.363870061573586645e-01
5.325000000000000178e+00,5.178208148016332224e-01,6.116978965724082506e-01,8.345846593305308314e-01,1.074307752122009241e+00,4.244327632479844681e+00,1.293456095851836407e+00,9.754797326086657172e-01,2.373345452018366664e-01
5.350000000000000533e+00,5.157175738622685746e-01,6.117812733438320327e-01,8.312381905936526705e-01,1.075057024443109910e+00,4.249571042768029550e+00,1.292631746653072566e+00,9.750813995143846613e-01,2.382647269983253213e-01
5.375000000000000000e+00,5.136498316158200073e-01,6.118564856026650345e-01,8.279443905131829151e-01,1.075768507492136150e+00,4.254546158128619027e+00,1.291806180382674585e+00,9.746744212208389158e-01,2.391767844063932280e-01
5.400000000000000355e+00,5.116183570135875991e-01,6.119238033839208279e-01,8.247046950740917204e-01,1.076444637425109985e+00,4.259251177381886855e+00,1.290980815019004080e+00,9.742588404131802271e-01,2.400699462199110679e-01
5.425000000000000711e+00,5.096239042529127072e-01,6.119832701076055592e-01,8.215203977721157180e-01,1.077102236650835376e+00,4.263684664589990625e+00,1.290156962286663545e+00,9.738345168495090576e-01,2.409434380210839777e-01
5.450000000000000178e+00,5.076672123358146882e-01,6.120345985148146761e-01,8.183925974290072736e-01,1.077711913153991619e+00,4.267845557351177099e+00,1.289334847961475239e+00,9.734019155277540136e-01,2.417964830671437138e-01
5.475000000000000533e+00,5.057490046331190037e-01,6.120777992884164354e-01,8.153225187179118372e-01,1.078293755288198597e+00,4.271733174116865150e+00,1.288514763918803041e+00,9.729608666452166377e-01,2.426283032083694502e-01
5.500000000000000000e+00,5.038699884544703966e-01,6.121127736194933444e-01,8.123113040542742080e-01,1.078842285141722313e+00,4.275347220458750819e+00,1.287697638395965738e+00,9.725115400749478889e-01,2.434381198359964749e-01
5.525000000000000355e+00,5.020308546246283754e-01,6.121392692880975872e-01,8.093599906068356109e-01,1.079341756973696054e+00,4.278687794216014417e+00,1.286884734829282895e+00,9.720542605278844617e-01,2.442251548583852516e-01
5.550000000000000711e+00,5.002322770664338059e-01,6.121574608837114795e-01,8.064698017793798801e-01,1.079807425569420332e+00,4.281755389456317396e+00,1.286076794096767895e+00,9.715889351763690174e-01,2.449886317037064942e-01
5.575000000000000178e+00,4.984749123908320256e-01,6.121673125236430923e-01,8.036418254691722884e-01,1.080241909183406790e+00,4.284550899188682926e+00,1.285274972634336432e+00,9.711156461376707627e-01,2.457277763472544563e-01
5.600000000000000533e+00,4.967593994943327318e-01,6.121685849511738775e-01,8.008770176596532453e-01,1.080622160665004161e+00,4.287075616771245379e+00,1.284480305298370872e+00,9.706348557273603017e-01,2.464418183613325541e-01
5.625000000000000000e+00,4.950863591642842287e-01,6.121614318683683553e-01,7.981764992526916291e-01,1.080970064176000944e+00,4.289331235962699829e+00,1.283693579211869107e+00,9.701463869568314191e-01,2.471299919855029781e-01
5.650000000000000355e+00,4.934563936923305749e-01,6.121459845067962480e-01,7.955413473842576355e-01,1.081279587676123422e+00,4.291319849572638567e+00,1.282915723472321856e+00,9.696504709977139536e-01,2.477915372149168682e-01
5.675000000000000711e+00,4.918700864964142272e-01,6.121224120963564275e-01,7.929726240478436328e-01,1.081551823423931413e+00,4.293043946672937317e+00,1.282149127416235324e+00,9.691472424142278941e-01,2.484257009042328823e-01
5.700000000000000178e+00,4.903280017516853939e-01,6.120910802720904709e-01,7.904714535091541538e-01,1.081803211728940894e+00,4.294506408340122761e+00,1.281394881238893113e+00,9.686366017211366364e-01,2.490317378845271490e-01
5.725000000000000533e+00,4.888306840306629319e-01,6.120522797019407601e-01,7.880388873609504019e-01,1.082030939617547594e+00,4.295710501906765622e+00,1.280654442810860827e+00,9.681187453564620293e-01,2.496089120905103098e-01
5.750000000000000000e+00,4.873786579529942875e-01,6.120060589817011287e-01,7.856758233381837542e-01,1.082248577883631269e+00,4.296659873708835065e+00,1.279929333249424372e+00,9.675936145605421590e-01,2.501564976952271313e-01
5.775000000000000355e+00,4.859724278451465485e-01,6.119524175395552046e-01,7.833830998965272130e-01,1.082434019478018206e+00,4.297358540325081577e+00,1.279219778110356698e+00,9.670617284263430813e-01,2.506737802492671197e-01
5.800000000000000711e+00,4.846124774103587329e-01,6.118915780564596618e-01,7.811616284011219102e-01,1.082617712956668976e+00,4.297810878314149541e+00,1.278525703692761750e+00,9.665227589587249701e-01,2.511600578215112956e-01
5.825000000000000178e+00,4.832992694091697850e-01,6.118236652128870023e-01,7.790122359006900199e-01,1.082781542887711668e+00,4.298021612465158903e+00,1.277848440307436828e+00,9.659771750803496371e-01,2.516146421383100851e-01
5.850000000000000533e+00,4.820332453508363590e-01,6.117489106145136413e-01,7.769357636986640170e-01,1.082940588420179484e+00,4.297995802587557534e+00,1.277188873131865687e+00,9.654248993667100542e-01,2.520368597178912484e-01
5.875000000000000000e+00,4.808148251959396546e-01,6.116673531347185389e-01,7.749329228974934924e-01,1.083101107949724140e+00,4.297738828876461525e+00,1.276548148316150044e+00,9.648659980681937309e-01,2.524260529967932709e-01
5.900000000000000355e+00,4.796444070704711238e-01,6.115787934630350087e-01,7.730042724759832451e-01,1.083234736157281608e+00,4.297256375900127878e+00,1.275927930709260139e+00,9.643011520139266324e-01,2.527815814450639076e-01
5.925000000000000711e+00,4.785223669916820466e-01,6.114833140234279263e-01,7.711504695122293196e-01,1.083367342552581380e+00,4.296554415266427895e+00,1.275329777455009195e+00,9.637300992328844407e-01,2.531028226669191916e-01
5.950000000000000178e+00,4.774490586059672581e-01,6.113806735743578802e-01,7.693719782250465489e-01,1.083477290075355981e+00,4.295639187035535045e+00,1.274754502737774242e+00,9.631534261306294864e-01,2.533891734835654330e-01
5.975000000000000533e+00,4.764248129390444286e-01,6.112704576849858906e-01,7.676691423602329811e-01,1.083552648506686422e+00,4.294517179955808395e+00,1.274204568486472677e+00,9.625715682086222191e-01,2.536400509949284787e-01
6.000000000000000000e+00,4.754499381586820284e-01,6.111526001749143511e-01,7.660424338505757991e-01,1.083590806745809321e+00,4.293195110609636878e+00,1.273681960879263331e+00,9.619848036054836626e-01,2.538548936169813253e-01
6.025000000000000355e+00,4.745247193502152849e-01,6.110267630226546842e-01,7.644921565633923111e-01,1.083593176006324210e+00,4.291679901564870114e+00,1.273187829857975295e+00,9.613933413618998003e-01,2.540331620914844657e-01
6.050000000000000711e+00,4.736494183050824480e-01,6.108921897247959754e-01,7.630183771915468594e-01,1.083519226920008016e+00,4.289978658636183440e+00,1.272723565874414042e+00,9.607982133089738586e-01,2.541743404649964289e-01
6.075000000000000178e+00,4.728242733225983541e-01,6.107485499196674272e-01,7.616213258757393856e-01,1.083369144697171160e+00,4.288098647368451921e+00,1.272289698716838391e+00,9.601996968349136852e-01,2.542779370340745304e-01
6.100000000000000533e+00,4.720494990251745127e-01,6.105961808557246462e-01,7.603015081695004840e-01,1.083144011344008728e+00,4.286047268861284287e+00,1.271887546994310281e+00,9.595980560059601538e-01,2.543434852536747837e-01
6.125000000000000000e+00,4.713252861871843891e-01,6.104357997917259082e-01,7.590595665440910134e-01,1.082864189601880467e+00,4.283832035060135546e+00,1.271518944004958573e+00,9.589931641521023398e-01,2.543705446059649766e-01
6.150000000000000355e+00,4.706518015776554043e-01,6.102679894800712157e-01,7.578960369737195446e-01,1.082544433278402218e+00,4.281460543644571182e+00,1.271186190121726511e+00,9.583849905354743237e-01,2.543587014268124946e-01
6.175000000000000711e+00,4.700291878169665649e-01,6.100930024866452195e-01,7.568112572534859694e-01,1.082177186904138111e+00,4.278940452648558157e+00,1.270891559416904348e+00,9.577739597641605762e-01,2.543075696873544067e-01
6.200000000000000178e+00,4.694575632477106519e-01,6.099113151836739188e-01,7.558056281390178599e-01,1.081772283068211715e+00,4.276279454950763004e+00,1.270638235991027543e+00,9.571601377670618804e-01,2.542167917283493783e-01
6.225000000000000533e+00,4.689370218198739559e-01,6.097235954182594897e-01,7.548795977583369066e-01,1.081347071526917114e+00,4.273485252774891663e+00,1.270428851684447080e+00,9.565434186376046144e-01,2.540860389450926293e-01
6.250000000000000000e+00,4.684676329904720604e-01,6.095301099418741764e-01,7.540333835896876336e-01,1.080902940238338994e+00,4.270565532340926396e+00,1.270267990709747830e+00,9.559240284231148577e-01,2.539150124208846560e-01
6.275000000000000355e+00,4.680494416377691258e-01,6.093310038322046207e-01,7.532671041228351516e-01,1.080422367180787768e+00,4.267527938807767818e+00,1.270162053221799647e+00,9.553026150808033856e-01,2.537034435073228789e-01
6.300000000000000711e+00,4.676824679901965265e-01,6.091267130871876878e-01,7.525809722732915708e-01,1.079929802011088125e+00,4.264380051646264214e+00,1.270111798949768112e+00,9.546789020896174760e-01,2.534510943499052038e-01
6.325000000000000178e+00,4.673667075700749240e-01,6.089172908522512140e-01,7.519749800703390274e-01,1.079425858608503930e+00,4.261129360578868486e+00,1.270112840963811163e+00,9.540531301135377618e-01,2.531577583576033463e-01
6.350000000000000533e+00,4.671021311522315367e-01,6.087025710881501794e-01,7.514489755743987143e-01,1.078895122056110933e+00,4.257783242218221353e+00,1.270160421441176357e+00,9.534259125563211423e-01,2.528232606154251494e-01
6.375000000000000000e+00,4.668886847375934845e-01,6.084827505330450137e-01,7.510029350141051996e-01,1.078358937947964113e+00,4.254348937531968744e+00,1.270253477169795753e+00,9.527970180854690163e-01,2.524474582392114419e-01
6.400000000000000355e+00,4.667262895418241575e-01,6.082578589784752854e-01,7.506367151753887690e-01,1.077811621860966795e+00,4.250833530254829462e+00,1.270388401511590493e+00,9.521668339009905502e-01,2.520302406721284805e-01
6.425000000000000711e+00,4.666148419990622798e-01,6.080278280731911122e-01,7.503500856509726091e-01,1.077248831291395481e+00,4.247243926361962352e+00,1.270562702725241078e+00,9.515357223436931022e-01,2.515715299226591317e-01
6.450000000000000178e+00,4.665542137808064149e-01,6.077928291289942386e-01,7.501428866270494211e-01,1.076681442305795766e+00,4.243586834709339506e+00,1.270773721074159868e+00,9.509036787885636333e-01,2.510712807441988770e-01
6.475000000000000533e+00,4.665442518299784957e-01,6.075531703595904442e-01,7.500149809676937007e-01,1.076111281084419335e+00,4.239868748937938747e+00,1.271018219772600766e+00,9.502709090869156938e-01,2.505294807565603410e-01
6.500000000000000000e+00,4.665847784101907481e-01,6.073091118487912166e-01,7.499661681050220352e-01,1.075555746920936473e+00,4.236095930728791537e+00,1.271294748463342339e+00,9.496372251741309611e-01,2.499461505100011582e-01
6.525000000000000355e+00,4.666755911702230586e-01,6.070606163214612438e-01,7.499960679856223500e-01,1.075003339949917036e+00,4.232274394485402880e+00,1.271601109491415693e+00,9.490031511012628762e-01,2.493213434927653571e-01
6.550000000000000711e+00,4.668164632237142841e-01,6.068077365010394741e-01,7.501043020225665048e-01,1.074456051115755040e+00,4.228409893509137873e+00,1.271934746944495709e+00,9.483688770744070906e-01,2.486551460832709115e-01
6.575000000000000178e+00,4.670071432440511261e-01,6.065507599246333648e-01,7.502905609636010276e-01,1.073926995688859298e+00,4.224507907721698707e+00,1.272293938009200653e+00,9.477342994862532066e-01,2.479476774484066781e-01
6.600000000000000533e+00,4.672473555744349749e-01,6.062895517885633634e-01,7.505542983091360032e-01,1.073415221808847075e+00,4.220573632977042244e+00,1.272676679784028542e+00,9.470996676541625359e-01,2.471990893897189068e-01
6.625000000000000000e+00,4.675368003530913086e-01,6.060235232855175624e-01,7.508947153495220128e-01,1.072894852059914417e+00,4.216611971993213359e+00,1.273081708536580203e+00,9.464658958284095647e-01,2.464095661394503090e-01
6.650000000000000355e+00,4.678751536535761257e-01,6.057525231932360255e-01,7.513111778436747379e-01,1.072359248310815971e+00,4.212627526922485544e+00,1.273507091131553803e+00,9.458334091954292422e-01,2.455793241086696721e-01
6.675000000000000711e+00,4.682620676401265669e-01,6.054771204646651750e-01,7.518033491026279158e-01,1.071830765300292532e+00,4.208624593566329786e+00,1.273951196702817645e+00,9.452018465127387525e-01,2.447086115899944625e-01
6.700000000000000178e+00,4.686971707379860019e-01,6.051977147677718438e-01,7.523707747933678913e-01,1.071324016498782061e+00,4.204607157229951042e+00,1.274412889601980403e+00,9.445710297607926575e-01,2.437977084176304321e-01
6.725000000000000533e+00,4.691800678186308637e-01,6.049142864797902863e-01,7.530127660268643996e-01,1.070822789557673405e+00,4.200578890199647475e+00,1.274890722129926379e+00,9.439416217572473844e-01,2.428469255875850275e-01
6.750000000000000000e+00,4.697103403998108551e-01,6.046268130739279600e-01,7.537285943475284800e-01,1.070339886521741057e+00,4.196543150815193357e+00,1.275382996138515912e+00,9.433134823195837848e-01,2.418566048412738034e-01
6.775000000000000355e+00,4.702875468603069375e-01,6.043352333612006522e-01,7.545174752604106860e-01,1.069861202834791580e+00,4.192502984098977592e+00,1.275888149686726036e+00,9.426872213372262665e-01,2.408271182157752377e-01
6.800000000000000711e+00,4.709112226692998004e-01,6.040396113785880816e-01,7.553786457936412235e-01,1.069392785469271079e+00,4.188461123893548077e+00,1.276405454960204411e+00,9.420628805753361590e-01,2.397588675641958711e-01
6.825000000000000178e+00,4.715808806302354550e-01,6.037402096467643364e-01,7.563113997645116715e-01,1.068938129735311104e+00,4.184419996450094992e+00,1.276933810405715519e+00,9.414405652605760677e-01,2.386522840498470632e-01
6.850000000000000533e+00,4.722960111390602789e-01,6.034371597220955508e-01,7.573149333701647556e-01,1.068504865950851146e+00,4.180381725401822735e+00,1.277472239996152004e+00,9.408202505095235590e-01,2.375078276179725389e-01
6.875000000000000000e+00,4.730560824566934497e-01,6.031304416682935488e-01,7.583883356853847735e-01,1.068082962017732340e+00,4.176348138048484593e+00,1.278019001671678145e+00,9.402024251294379686e-01,2.363259864488900519e-01
6.900000000000000355e+00,4.738605409955918835e-01,6.028200476223848359e-01,7.595306661034790796e-01,1.067679366773004457e+00,4.172320772871621841e+00,1.278573103851794679e+00,9.395870745384998779e-01,2.351072763966150780e-01
6.925000000000000711e+00,4.747088116202575203e-01,6.025058544538047789e-01,7.607408943874188756e-01,1.067285369198623934e+00,4.168300888194020892e+00,1.279133347595567960e+00,9.389746483428588197e-01,2.338522404170484958e-01
6.950000000000000178e+00,4.756002979615249759e-01,6.021876491458528768e-01,7.620179129176281041e-01,1.066894835414429199e+00,4.164289471892058891e+00,1.279698592198070362e+00,9.383655233428660480e-01,2.325614479898324150e-01
6.975000000000000533e+00,4.765343827444621927e-01,6.018652670706825525e-01,7.633606026089790886e-01,1.066502788223970821e+00,4.160287252065514529e+00,1.280268237648815699e+00,9.377600434901294246e-01,2.312354945381926430e-01
7.000000000000000000e+00,4.775104281297058439e-01,6.015386907847140030e-01,7.647678809230239461e-01,1.066103377288157184e+00,4.156294708566323770e+00,1.280841179211860803e+00,9.371585815790149931e-01,2.298750008510080656e-01
7.025000000000000355e+00,4.785277760680492487e-01,6.012079214685664974e-01,7.662386414570037108e-01,1.065706181775170958e+00,4.152312085285724486e+00,1.281416311411309961e+00,9.365610242894100157e-01,2.284806125113895414e-01
7.050000000000000711e+00,4.795857486680876747e-01,6.008727216056206633e-01,7.677716313966603812e-01,1.065292680439431150e+00,4.148339403097853761e+00,1.281992880959891945e+00,9.359681399520816125e-01,2.270529993361133925e-01
7.075000000000000178e+00,4.806836485767230771e-01,6.005328329464808546e-01,7.693655557622116614e-01,1.064860776247639862e+00,4.144376473357721302e+00,1.282570173402482583e+00,9.353801842874878147e-01,2.255928548302772452e-01
7.100000000000000533e+00,4.818207593723221605e-01,6.001880959532759352e-01,7.710191352900227502e-01,1.064401083337731979e+00,4.140422911851813659e+00,1.283147406367599830e+00,9.347976475009778241e-01,2.241008956614314318e-01
7.125000000000000000e+00,4.829963459703114914e-01,5.998383592834775069e-01,7.727310639486373312e-01,1.063912001543265928e+00,4.136478153101069033e+00,1.283723840381930215e+00,9.342207698426324702e-01,2.225778611575492394e-01
7.150000000000000355e+00,4.842096550409912825e-01,5.994833297201367373e-01,7.744999369070860729e-01,1.063384095848792787e+00,4.132541464917921736e+00,1.284298952728108789e+00,9.336500473875862793e-01,2.210245128331156939e-01
7.175000000000000711e+00,4.854599154393398064e-01,5.991226694004321285e-01,7.763242977844234671e-01,1.062801060499349637e+00,4.128611963121951334e+00,1.284872313478780725e+00,9.330862108141092515e-01,2.194416339475634969e-01
7.200000000000000178e+00,4.867463386465741282e-01,5.987558445304739241e-01,7.782025649984924964e-01,1.062163353062399951e+00,4.124688626322089213e+00,1.285443325287238370e+00,9.325294387873086510e-01,2.178300291002761013e-01
7.225000000000000533e+00,4.880681192232299015e-01,5.983825115538414785e-01,7.801332203825319667e-01,1.061425172245842541e+00,4.120770310677205117e+00,1.286011578052608240e+00,9.319814738132392584e-01,2.161905238663169859e-01
7.250000000000000000e+00,4.894244352735107051e-01,5.980031369615581571e-01,7.821151138839366190e-01,1.060634988198195128e+00,4.116855764551506702e+00,1.286576684526597569e+00,9.314408759683078243e-01,2.145239644770040588e-01
7.275000000000000355e+00,4.908144489206599514e-01,5.976181945360069525e-01,7.841470755555547401e-01,1.059779311862658835e+00,4.112943642985944948e+00,1.287138044633701961e+00,9.309082830790434970e-01,2.128312175493200509e-01
7.300000000000000711e+00,4.922373067930944646e-01,5.972280004273817777e-01,7.862278361887252709e-01,1.058875404805918574e+00,4.109032521912129532e+00,1.287695039087365378e+00,9.303832724231519968e-01,2.111131698681820434e-01
7.325000000000000178e+00,4.936921405210396574e-01,5.968329220312524885e-01,7.883561298086356750e-01,1.057925588386294802e+00,4.105120912040801429e+00,1.288247002519448126e+00,9.298659199421940302e-01,2.093707282254599344e-01
7.350000000000000533e+00,4.951780672433979125e-01,5.964331072849518023e-01,7.905305611674087185e-01,1.056936255937050317e+00,4.101207272362620948e+00,1.288793431928542788e+00,9.293561495205796552e-01,2.076048193195147162e-01
7.375000000000000000e+00,4.966941901245778279e-01,5.960287191380431171e-01,7.927497217390556683e-01,1.055898196239362097e+00,4.097290023204934073e+00,1.289334020021247529e+00,9.288544268678190496e-01,2.058163897190603275e-01
7.400000000000000355e+00,4.982395988810044418e-01,5.956199565637605442e-01,7.950122009214973806e-01,1.054830098139493577e+00,4.093367558794195560e+00,1.289868497609275577e+00,9.283602230795979793e-01,2.040064058949368209e-01
7.425000000000000711e+00,4.998133703170313247e-01,5.952068595010492347e-01,7.973164899720454057e-01,1.053712943305547878e+00,4.089438259279743804e+00,1.290397272383144722e+00,9.278743429345184257e-01,2.021758543233448946e-01
7.450000000000000178e+00,5.014145688699653824e-01,5.947894620158629131e-01,7.996610586142848254e-01,1.052558930028151041e+00,4.085500502180548388e+00,1.290919635798946530e+00,9.273964722808727412e-01,2.003257416639885602e-01
7.475000000000000533e+00,5.030422471639122151e-01,5.943677844144843458e-01,8.020443517707529502e-01,1.051356207292508893e+00,4.081552673222547334e+00,1.291434855375536372e+00,9.269271570945671890e-01,1.984570950163878356e-01
7.500000000000000000e+00,5.046954465721468219e-01,5.939421078190233461e-01,8.044649294491001967e-01,1.050108759708898498e+00,4.077593176539900277e+00,1.291942751478586615e+00,9.264663672879860368e-01,1.965709622575703697e-01
7.525000000000000355e+00,5.063731977877093948e-01,5.935129916705235154e-01,8.069214781138593917e-01,1.048837476696623972e+00,4.073620444219104186e+00,1.292443238267991790e+00,9.260134387122985755e-01,1.946684124641072655e-01
7.550000000000000711e+00,5.080745214019198874e-01,5.930807300547400462e-01,8.094125380631589373e-01,1.047540712215807135e+00,4.069632945170377880e+00,1.292935726673726027e+00,9.255685206563726286e-01,1.927505364213216166e-01
7.575000000000000178e+00,5.097984284905047181e-01,5.926454908142730904e-01,8.119365735517425353e-01,1.046218806932684986e+00,4.065629193315793977e+00,1.293419929398199608e+00,9.251316845670669586e-01,1.908184472223016792e-01
7.600000000000000533e+00,5.115439212070210795e-01,5.922075687700870672e-01,8.144921020217301688e-01,1.044877524205525932e+00,4.061607755088581406e+00,1.293895655025526503e+00,9.247027926922546381e-01,1.888732809590457640e-01
7.625000000000000000e+00,5.133099933832613315e-01,5.917672563644369443e-01,8.170776298069216681e-01,1.043521062777883479e+00,4.057567256242649023e+00,1.294363184558488644e+00,9.242817567277195057e-01,1.869161975078382776e-01
7.650000000000000355e+00,5.150956311363189544e-01,5.913247837892771086e-01,8.196916224563080000e-01,1.042150260625049674e+00,4.053506387975614800e+00,1.294822138791701827e+00,9.238686080936828748e-01,1.849483814105810642e-01
7.675000000000000711e+00,5.168998134819878798e-01,5.908803714893935410e-01,8.223325323707044721e-01,1.040767961513910489e+00,4.049423912372678735e+00,1.295272558700347743e+00,9.234632964398155064e-01,1.829710428533806443e-01
7.700000000000000178e+00,5.187215129541692393e-01,5.904342989558856170e-01,8.249988354971540261e-01,1.039374656246311535e+00,4.045318667182225880e+00,1.295714520679537518e+00,9.230658553210786543e-01,1.809854187432768380e-01
7.725000000000000533e+00,5.205596962299513519e-01,5.899869279183072024e-01,8.276890449388496496e-01,1.037977969487899221e+00,4.041189569937493786e+00,1.296148508722753112e+00,9.226760382124372661e-01,1.789927738833581861e-01
7.750000000000000000e+00,5.224133247600258878e-01,5.895385666198537100e-01,8.304016418162593061e-01,1.036581569402204472e+00,4.037035621441455113e+00,1.296573695202677401e+00,9.222937423823540648e-01,1.769944022458748156e-01
7.775000000000000355e+00,5.242813554041005908e-01,5.890893976803003307e-01,8.331350381670450389e-01,1.035185511503305955e+00,4.032855908634903841e+00,1.296989801813248189e+00,9.219189996280064969e-01,1.749916283421875662e-01
7.800000000000000711e+00,5.261627410709641683e-01,5.886396177307146038e-01,8.358876503846754957e-01,1.033787756531025837e+00,4.028649606869803002e+00,1.297396934974020200e+00,9.215519203768185452e-01,1.729858086874012657e-01
7.825000000000000178e+00,5.280564313628537398e-01,5.881895536279384551e-01,8.386579616988834029e-01,1.032393941610549870e+00,4.024415981612228244e+00,1.297794733241620868e+00,9.211923108824296991e-01,1.709783333564617869e-01
7.850000000000000533e+00,5.299613732237736796e-01,5.877395663660305303e-01,8.414444734459760600e-01,1.031008817344901018e+00,4.020154389600663514e+00,1.298183100837601245e+00,9.208400052101000099e-01,1.689706276272319174e-01
7.875000000000000000e+00,5.318765115914081409e-01,5.872899207274331346e-01,8.442456372246506247e-01,1.029633592189160618e+00,4.015864279486998534e+00,1.298562085244217679e+00,9.204949718620420995e-01,1.669641537045216673e-01
7.900000000000000355e+00,5.338007900522683258e-01,5.868407999278043574e-01,8.470598629256373968e-01,1.028266751888707642e+00,4.011545191988560966e+00,1.298931554962469148e+00,9.201572843888371489e-01,1.649604125173160241e-01
7.925000000000000711e+00,5.357331514997082378e-01,5.863924353712732795e-01,8.498855885796323673e-01,1.026907129773839911e+00,4.007196759580354595e+00,1.299291302788495139e+00,9.198270007859172814e-01,1.629609455794443773e-01
7.950000000000000178e+00,5.376725387944407686e-01,5.859451771368535677e-01,8.527213196722023270e-01,1.025559611376780644e+00,4.002818705757353435e+00,1.299641252456524843e+00,9.195039337445276573e-01,1.609673369015662270e-01
7.975000000000000533e+00,5.396178954271814154e-01,5.854993180939647157e-01,8.555655363166867478e-01,1.024226749348269960e+00,3.998410843896946787e+00,1.299981784894714165e+00,9.191879846184851655e-01,1.589812149397161201e-01
8.000000000000000000e+00,5.415681661830399340e-01,5.850550714368771832e-01,8.584166818673785171e-01,1.022902328147232698e+00,3.993973075751802604e+00,1.300313046311367682e+00,9.188794064828748054e-01,1.570042545626382235e-01
8.025000000000000355e+00,5.435222978072811184e-01,5.846126909393754012e-01,8.612732284157975648e-01,1.021591857166984418e+00,3.989505389603349883e+00,1.300634411749072905e+00,9.185779768901207731e-01,1.550381790166399376e-01
8.050000000000000711e+00,5.454792396720654635e-01,5.841724396762657534e-01,8.641336611602693507e-01,1.020290138502075949e+00,3.985007858105858780e+00,1.300945897980956278e+00,9.182839054203691953e-01,1.530847618628703444e-01
8.075000000000001066e+00,5.474379444437803555e-01,5.837345898036924163e-01,8.669964794538976838e-01,1.019000950046757836e+00,3.980480635850640603e+00,1.301247566362269126e+00,9.179970348306710770e-01,1.511458288576150721e-01
8.099999999999999645e+00,5.493973687505627757e-01,5.832994033638806419e-01,8.698601873221256664e-01,1.017719957985513179e+00,3.975923956679331184e+00,1.301539402732919237e+00,9.177175375469924790e-01,1.492232597414047401e-01
8.125000000000000000e+00,5.513564738496185003e-01,5.828672459216471813e-01,8.727233572297270481e-01,1.016448082047540558e+00,3.971338130774662467e+00,1.301821310876042359e+00,9.174453698540220303e-01,1.473189898974882894e-01
8.150000000000000355e+00,5.533142262939244604e-01,5.824386119132997086e-01,8.755846458619518380e-01,1.015192911265788478e+00,3.966723541556120836e+00,1.302093249465064551e+00,9.171802097151672273e-01,1.454350118345475174e-01
8.175000000000000711e+00,5.552695985979118065e-01,5.820139018407144427e-01,8.784426727035820059e-01,1.013954674249249566e+00,3.962080642407240560e+00,1.302355247753884226e+00,9.169220353026958925e-01,1.435733764424093062e-01
8.200000000000001066e+00,5.572215699017063484e-01,5.815934669374827060e-01,8.812960452317130100e-01,1.012730792580750050e+00,3.957409953260121682e+00,1.302607538480112792e+00,9.166709403099411180e-01,1.417361939630695511e-01
8.224999999999999645e+00,5.591691266335112598e-01,5.811777043808269427e-01,8.841434124734972588e-01,1.011525388789647595e+00,3.952712057061890327e+00,1.302850029632759421e+00,9.164267384937039296e-01,1.399256346126641071e-01
8.250000000000000000e+00,5.611112631697026121e-01,5.807670067054916396e-01,8.869834380757988246e-01,1.010335628631495952e+00,3.947987596146615985e+00,1.303082561990292376e+00,9.161895319808827098e-01,1.381439287831902896e-01
8.275000000000000355e+00,5.630469824922064159e-01,5.803618081390859995e-01,8.898148273584249868e-01,1.009164379432761383e+00,3.943237268535195739e+00,1.303305142404275418e+00,9.159591836362230843e-01,1.363933667461336430e-01
8.300000000000000711e+00,5.649752968427224076e-01,5.799625922028341929e-01,8.926363328569619782e-01,1.008012516559116278e+00,3.938461824184475546e+00,1.303517813176051643e+00,9.157356379849628247e-01,1.346762977737098743e-01
8.325000000000001066e+00,5.668952283733503794e-01,5.795698227918464340e-01,8.954467166677021472e-01,1.006882445687675265e+00,3.933662061205787985e+00,1.303720633031233866e+00,9.155187736971379664e-01,1.329951285877442324e-01
8.349999999999999645e+00,5.688058097931698587e-01,5.791839312871749357e-01,8.982447438669102224e-01,1.005772247674691755e+00,3.928838822071934800e+00,1.303913656753789896e+00,9.153086508251432329e-01,1.313523210415085962e-01
8.375000000000000000e+00,5.707060850103259364e-01,5.788053883666027799e-01,9.010292241172599415e-01,1.004682732768733988e+00,3.923992989830431100e+00,1.304096925769587800e+00,9.151052137359426686e-01,1.297503889365527185e-01
8.400000000000000355e+00,5.725951097691523994e-01,5.784346852502508796e-01,9.037990020416257764e-01,1.003616235722437633e+00,3.919125484339691212e+00,1.304270489240082931e+00,9.149083410356185775e-01,1.281918938753664750e-01
8.425000000000000711e+00,5.744719522818791946e-01,5.780722833518094905e-01,9.065529294466212473e-01,1.002570170585663112e+00,3.914237258543796116e+00,1.304434439479255747e+00,9.147181197688869503e-01,1.266794400520079300e-01
8.450000000000001066e+00,5.763356938544451635e-01,5.777186994476154469e-01,9.092899149872227804e-01,1.001546152302944748e+00,3.909329294800241605e+00,1.304589026516166150e+00,9.145344580345823315e-01,1.252156678873193318e-01
8.474999999999999645e+00,5.781854295059465354e-01,5.773744950998145331e-01,9.120089192636809949e-01,1.000546636879997120e+00,3.904402601274133744e+00,1.304734315590373006e+00,9.143572269748087011e-01,1.238032464236889785e-01
8.500000000000000000e+00,5.800202685812380077e-01,5.770401443050137136e-01,9.147088792603579321e-01,9.995720814302614388e-01,3.899458208411145321e+00,1.304870264890018339e+00,9.141863823831932745e-01,1.224448644071082226e-01
8.525000000000000355e+00,5.818393353562003600e-01,5.767160641137991650e-01,9.173887262755023864e-01,9.986172748623177720e-01,3.894497165500624192e+00,1.304997008329829233e+00,9.140221234037669840e-01,1.211432200020776673e-01
8.550000000000000711e+00,5.836417696351864359e-01,5.764027206389078506e-01,9.200474479538540695e-01,9.976842708523939729e-01,3.889520537339279826e+00,1.305114669024401097e+00,9.138643378418036534e-01,1.199010091081916252e-01
8.575000000000001066e+00,5.854267273401460026e-01,5.761005655964253069e-01,9.226840522445738380e-01,9.967706062737522466e-01,3.884529401004918725e+00,1.305223506256954158e+00,9.137131075970729155e-01,1.187209122762172553e-01
8.599999999999999645e+00,5.871933810909300000e-01,5.758100602416266200e-01,9.252975821999744888e-01,9.958741940179304253e-01,3.879524842748862667e+00,1.305323655969913066e+00,9.135684989674466294e-01,1.176055802562767649e-01
8.625000000000000000e+00,5.889409207762701381e-01,5.755317111012204778e-01,9.278871376585315911e-01,9.949983498206542709e-01,3.874507955014907523e+00,1.305414992419992926e+00,9.134303449034437694e-01,1.165576182508919478e-01
8.650000000000000355e+00,5.906685541149212515e-01,5.752659755806055486e-01,9.304518205861415092e-01,9.941408554417333621e-01,3.869479833591772611e+00,1.305497365292408896e+00,9.132987173228693800e-01,1.155795689904221824e-01
8.675000000000000711e+00,5.923755072064532667e-01,5.750133137549947593e-01,9.329907660825290661e-01,9.933017099832130992e-01,3.864441574905477239e+00,1.305570619248705766e+00,9.131735924854267328e-01,1.146738947968367062e-01
8.700000000000001066e+00,5.940610250711773066e-01,5.747742240204861686e-01,9.355031641004402099e-01,9.924835804961369412e-01,3.859394273457144031e+00,1.305634649760283539e+00,9.130548307173717015e-01,1.138429588518184293e-01
8.724999999999999645e+00,5.957243721786786850e-01,5.745491686616965854e-01,9.379882160557306836e-01,9.916868282913140487e-01,3.854339019411384015e+00,1.305689382289148659e+00,9.129423921951448362e-01,1.130890059351016691e-01
8.750000000000000000e+00,5.973648329644403177e-01,5.743385720128230121e-01,9.404451340545755267e-01,9.909122182096560261e-01,3.849276896339538290e+00,1.305734750915039655e+00,9.128362196042162369e-01,1.124141429457968522e-01
8.775000000000000355e+00,5.989817123340186455e-01,5.741428786456946876e-01,9.428731760115460769e-01,9.901606593219151042e-01,3.844208979121772174e+00,1.305770771113681672e+00,9.127362493967389190e-01,1.118203195607810618e-01
8.800000000000000711e+00,6.005743361542537073e-01,5.739625324747217316e-01,9.452716337402622404e-01,9.894370597580750548e-01,3.839136332011359620e+00,1.305797300145100204e+00,9.126422434477523549e-01,1.113093094168853131e-01
8.825000000000001066e+00,6.021420517309717946e-01,5.737977953469092229e-01,9.476397241856341358e-01,9.887413832915569190e-01,3.834060006864072001e+00,1.305814264507205280e+00,9.125541792457109169e-01,1.108826922245966101e-01
8.849999999999999645e+00,6.036842282726542219e-01,5.736486906161704091e-01,9.499765546150308326e-01,9.880655679808089120e-01,3.828981041535207908e+00,1.305821550547542564e+00,9.124723859135358550e-01,1.105418372281000289e-01
8.875000000000000000e+00,6.052002573395364182e-01,5.735152770431195535e-01,9.522812871927178735e-01,9.874035345077932790e-01,3.823900458446368944e+00,1.305819049900005302e+00,9.123971073888625938e-01,1.102878884176270585e-01
8.900000000000000355e+00,6.066895532776018785e-01,5.733978101647573267e-01,9.545532375130614255e-01,9.867607325891232239e-01,3.818819263323775637e+00,1.305806689587485359e+00,9.123280834131972661e-01,1.101217518741515744e-01
8.925000000000000711e+00,6.081515536369398456e-01,5.732965516796331151e-01,9.567917605789117985e-01,9.861406043258573728e-01,3.813738444109573855e+00,1.305784401991048282e+00,9.122651413331298587e-01,1.100440855834947107e-01
8.950000000000001066e+00,6.095857195739339263e-01,5.732116190451697069e-01,9.589961597366806201e-01,9.855440809352747911e-01,3.808658970047299697e+00,1.305752122151891959e+00,9.122082186575944940e-01,1.100552919981606509e-01
8.974999999999999645e+00,6.109915362367503988e-01,5.731430459607778083e-01,9.611657230966742516e-01,9.849699361321432312e-01,3.803581790942421215e+00,1.305709784578017674e+00,9.121573479735880507e-01,1.101555135526687684e-01
9.000000000000000000e+00,6.123685131336006338e-01,5.730908511420818030e-01,9.632997654796058296e-01,9.844204646819768589e-01,3.798507836598629339e+00,1.305657320326591542e+00,9.121124077198218272e-01,1.103446312552717190e-01
9.025000000000000355e+00,6.137161844832500490e-01,5.730549361231556116e-01,9.653975659724367553e-01,9.838963689548342328e-01,3.793438016430330961e+00,1.305594656259321029e+00,9.120733466000561229e-01,1.106222663899472380e-01
9.050000000000000711e+00,6.150341095472567909e-01,5.730350338682963507e-01,9.674583361008647353e-01,9.833915420277892228e-01,3.788373219251520041e+00,1.305521720717768952e+00,9.120404131960597738e-01,1.109877852718145763e-01
9.075000000000001066e+00,6.163218729434253307e-01,5.730309484952954557e-01,9.694813670110378201e-01,9.829036179003290963e-01,3.783314313241220361e+00,1.305438462384738374e+00,9.120136923737022228e-01,1.114403069114892064e-01
9.099999999999999645e+00,6.175790849399638294e-01,5.730426383593922868e-01,9.714660815114625203e-01,9.824406877621906231e-01,3.778262146085211270e+00,1.305344887707541091e+00,9.119928094237639282e-01,1.119787133640125359e-01
9.125000000000000000e+00,6.188053817298480030e-01,5.730699391443548896e-01,9.734118640579738635e-01,9.820048903795562945e-01,3.773217545293870323e+00,1.305241091419867994e+00,9.119776517112591074e-01,1.126016624693012003e-01
9.150000000000000355e+00,6.200004256848945516e-01,5.731124785419546841e-01,9.753180076514894603e-01,9.815919416946984333e-01,3.768181318695568827e+00,1.305127142038668531e+00,9.119683897427459662e-01,1.133076026370459927e-01
9.175000000000000711e+00,6.211639055890618710e-01,5.731698411588150854e-01,9.771838154123740905e-01,9.812004552717653594e-01,3.763154255105037649e+00,1.305002897894303349e+00,9.119650670849943630e-01,1.140947892911658157e-01
9.200000000000001066e+00,6.222955368505058704e-01,5.732416825233920266e-01,9.790086716669833544e-01,9.808295487208508190e-01,3.758137125165863957e+00,1.304868044208981503e+00,9.119677055980113245e-01,1.149613025680419481e-01
9.224999999999999645e+00,6.233950616919256005e-01,5.733276592645483172e-01,9.807919991234083090e-01,9.804847974348269712e-01,3.753130682366167648e+00,1.304722197519830873e+00,9.119760434189007059e-01,1.159050658587805344e-01
9.250000000000000000e+00,6.244622493187508283e-01,5.734272655470502578e-01,9.825331571253019813e-01,9.801613020420906208e-01,3.748135664226227348e+00,1.304565144814676003e+00,9.119902801359937028e-01,1.169238647967749956e-01
9.275000000000000355e+00,6.254968960647352416e-01,5.735399621966572603e-01,9.842315220206325765e-01,9.798553181603629758e-01,3.743152793656785882e+00,1.304396726073840718e+00,9.120105648618939131e-01,1.180153663162096800e-01
9.300000000000000711e+00,6.264988255145339524e-01,5.736653274945181513e-01,9.858865816889379463e-01,9.795695567280253702e-01,3.738182780486352108e+00,1.304217128034975248e+00,9.120367630909639312e-01,1.191771374420952656e-01
9.325000000000001066e+00,6.274678886028605129e-01,5.738030131365263742e-01,9.874979088124531401e-01,9.793049745568860320e-01,3.733226323155773407e+00,1.304026320661865190e+00,9.120688179602084444e-01,1.204066635148548225e-01
9.349999999999999645e+00,6.284039636898351988e-01,5.739527008905780381e-01,9.890651342313443450e-01,9.790683478550634700e-01,3.728284110578026223e+00,1.303823777762233238e+00,9.121064173927615482e-01,1.217013655998524513e-01
9.375000000000000000e+00,6.293069566121578529e-01,5.741139328890398907e-01,9.905878404362781220e-01,9.788611306748861152e-01,3.723356824160847900e+00,1.303609331994748155e+00,9.121494840309490870e-01,1.230586168815002712e-01
9.400000000000000355e+00,6.301768007097521274e-01,5.742860316594634584e-01,9.920655108193883187e-01,9.786768859439693991e-01,3.718445139989649206e+00,1.303382774317976889e+00,9.121982875101226629e-01,1.244757578905521939e-01
9.425000000000000711e+00,6.310134568275576061e-01,5.744683576134232972e-01,9.934976914534081605e-01,9.785096590599905442e-01,3.713549731167767654e+00,1.303143886472182489e+00,9.122530761099483243e-01,1.259501104598430565e-01
9.450000000000001066e+00,6.318169132921618303e-01,5.746604688217864521e-01,9.948840922887483007e-01,9.783641885277345462e-01,3.708671270310746060e+00,1.302892460848986467e+00,9.123136290647357871e-01,1.274789903465316232e-01
9.474999999999999645e+00,6.325871858629923405e-01,5.748618906721116861e-01,9.962244423094096524e-01,9.782418866077252639e-01,3.703810432190969948e+00,1.302628324564640172e+00,9.123798721920448607e-01,1.290597184968537425e-01
9.500000000000000000e+00,6.333243176578106093e-01,5.750721100194300384e-01,9.975184859170647123e-01,9.781365118380995760e-01,3.698967896528592370e+00,1.302351452562386935e+00,9.124520667917886962e-01,1.306896309619404728e-01
9.525000000000000355e+00,6.340283790522790452e-01,5.752907093257971782e-01,9.987660677758934957e-01,9.780562072888240310e-01,3.694144350924185360e+00,1.302061597518344938e+00,9.125298445645879664e-01,1.323660875002351245e-01
9.550000000000000711e+00,6.346994675533987884e-01,5.755172578842508990e-01,9.999670641017163186e-01,9.779966932218250308e-01,3.689340493928081166e+00,1.301758439633553088e+00,9.126133814299753899e-01,1.340864789231938359e-01
9.575000000000001066e+00,6.353377076466438789e-01,5.757514033553401411e-01,1.001121440778849347e+00,9.779623377177191212e-01,3.684557038240816595e+00,1.301441759810672893e+00,9.127024754814020424e-01,1.358482332572667484e-01
9.600000000000001421e+00,6.359432506166494692e-01,5.759927919803149443e-01,1.002229202634165484e+00,9.779590142914175166e-01,3.679794714038600034e+00,1.301111313031084515e+00,9.127968602275624566e-01,1.376488208063470775e-01
9.625000000000000000e+00,6.365162743413418367e-01,5.762409371824073201e-01,1.003290309739251818e+00,9.779797701329043802e-01,3.675054272417013657e+00,1.300766827346355070e+00,9.128968290738174174e-01,1.394857582060615442e-01
9.650000000000000355e+00,6.370569830594311478e-01,5.764953258022262883e-01,1.004304744490891244e+00,9.780282464082895588e-01,3.670336488945574516e+00,1.300408034758116838e+00,9.130022135690503138e-01,1.413566115649215194e-01
9.675000000000000711e+00,6.375656071112203449e-01,5.767553990783710338e-01,1.005272499202364056e+00,9.780960709887649429e-01,3.665642167325057876e+00,1.300034694544989655e+00,9.131133680137561992e-01,1.432589987878866156e-01
9.700000000000001066e+00,6.380424026527217185e-01,5.770207213554273684e-01,1.006193683451675591e+00,9.781827454685944057e-01,3.660972143138820023e+00,1.299646599754626264e+00,9.132303034408623121e-01,1.451905911763402002e-01
9.725000000000001421e+00,6.384876513431040346e-01,5.772909949108864236e-01,1.007068533458216786e+00,9.782943580883548540e-01,3.656327287688486471e+00,1.299243533757211688e+00,9.133527454989399663e-01,1.471491143948328861e-01
9.750000000000000000e+00,6.389016600055332784e-01,5.775658668419052511e-01,1.007897288688939463e+00,9.784277621552640580e-01,3.651708511903680510e+00,1.298825222051963157e+00,9.134808207787120660e-01,1.491323488902845384e-01
9.775000000000000355e+00,6.392847602615094882e-01,5.778449715589440983e-01,1.008680218495667802e+00,9.785853584959585127e-01,3.647116770314536183e+00,1.298391394104701391e+00,9.136144155202048367e-01,1.511381298435185427e-01
9.800000000000000711e+00,6.396373081388340154e-01,5.781278180752909002e-01,1.009417549498310862e+00,9.787652665275016206e-01,3.642553065074907614e+00,1.297941814844723485e+00,9.137536011682958481e-01,1.531643467267493897e-01
9.825000000000001066e+00,6.399596836533898436e-01,5.784138322692076173e-01,1.010109491999163334e+00,9.789554911396116665e-01,3.638018450023301931e+00,1.297476274987851008e+00,9.138988839149169152e-01,1.552089425342209894e-01
9.850000000000001421e+00,6.402522903649541242e-01,5.787027658129779706e-01,1.010756501154235210e+00,9.791593287644599908e-01,3.633514034767570067e+00,1.296994677222868875e+00,9.140501092092364610e-01,1.572699127465490010e-01
9.875000000000000000e+00,6.405155549072992782e-01,5.789946698441336137e-01,1.011359259946202904e+00,9.793888625322023644e-01,3.629040988778490018e+00,1.296496950465369169e+00,9.142067463216398959e-01,1.593453040828800571e-01
9.900000000000000355e+00,6.407499264928909755e-01,5.792894138699138384e-01,1.011918370627336250e+00,9.796504456484803613e-01,3.624600545476379665e+00,1.295982746906190197e+00,9.143685133509578122e-01,1.614332130889091776e-01
9.925000000000000711e+00,6.409558763925216063e-01,5.795865457899135320e-01,1.012434264077084478e+00,9.799351946798935398e-01,3.620194006293885991e+00,1.295451856393171397e+00,9.145357812694568933e-01,1.635317846029047395e-01
9.950000000000001066e+00,6.411338973902707128e-01,5.798856847954541038e-01,1.012907450641096219e+00,9.802390499239486132e-01,3.615822744697101854e+00,1.294904043305694197e+00,9.147087121700073764e-01,1.656392101364622671e-01
9.975000000000001421e+00,6.412845032142209245e-01,5.801866713495535954e-01,1.013338615587148661e+00,9.805692370882798103e-01,3.611488210146181821e+00,1.294338918710795205e+00,9.148869861831665506e-01,1.677537262018328201e-01
1.000000000000000000e+01,6.414082279434035749e-01,5.803376123569633505e-01,1.013543784072636456e+00,9.809256359635214473e-01,3.607191931975568089e+00,1.293756139317817855e+00,9.150705975083317512e-01,1.688125391911673434e-01
